1111,facebook.com
2,yahoo.com
3,google.com
1,facebook.com
2,yahoo.com
3,google.com
1,facebook.com
2,yahoo.com
3,google.com
1,facebook.com
2,yahoo.com
3,google.com
1,facebook.com
2,yahoo.com
3,google.com
1,facebook.com
2,yahoo.com
3,google.com
1,facebook.com
2,yahoo.com
3,google.com
1,facebook.com
2,yahoo.com
3,google.com
1,facebook.com
2,yahoo.com
3,google.com
1,facebook.com
2,yahoo.com
3,google.com 
1,facebook.com
2,yahoo.com
3,google.com
1,facebook.com
2,yahoo.com
3,google.com
1,facebook.com
2,yahoo.com
3,google.com
1,facebook.com
2,yahoo.com
3,google.com
1,facebook.com
2,yahoo.com
3,google.com
1,facebook.com
2,yahoo.com
3,google.com
1,facebook.com
2,yahoo.com
3,google.com
1,facebook.com
2,yahoo.com
3,google.com
1,facebook.com
2,yahoo.com
3,google.com
1,facebook.com
2,yahoo.com
3,google.com
1,facebook.com
2,yahoo.com
3,google.com
1,facebook.com
2,yahoo.com
3,google.com
1,facebook.com
2,yahoo.com
3,google.com
1,facebook.com
2,yahoo.com
3,google.com
1,facebook.com
2,yahoo.com
3,google.com
1,facebook.com
2,yahoo.com
3,google.com
1,facebook.com
2,yahoo.com
3,google.com
1,facebook.com
2,yahoo.com
3,google.com
1,facebook.com
2,yahoo.com
3,google.com
1,facebook.com
2,yahoo.com
3,google.com
1,facebook.com
2,yahoo.com
3,google.com
1,facebook.com
2,yahoo.com
3,google.com
1,facebook.com
2,yahoo.com
3,google.com
1,facebook.com
2,yahoo.com
3,google.com
1,facebook.com
2,yahoo.com
3,google.com
1,facebook.com
2,yahoo.com
3,google.com
1,facebook.com
2,yahoo.com
3,google.com
1,facebook.com
2,yahoo.com
3,google.com
1,facebook.com
2,yahoo.com
3,google.com
1,facebook.com
2,yahoo.com
3,google.com
1,facebook.com
2,yahoo.com
3,google.com
1,facebook.com
2,yahoo.com
3,google.com
1,facebook.com
2,yahoo.com
3,google.com
1,facebook.com
2,yahoo.com
3,google.com
1,facebook.com
2,yahoo.com
3,google.com
1,facebook.com
2,yahoo.com
3,google.com
1,facebook.com
2,yahoo.com
3,google.com
1,facebook.com
2,yahoo.com
3,google.com
1,facebook.com
2,yahoo.com
3,google.com
1,facebook.com
2,yahoo.com
3,google.com
1,facebook.com
2,yahoo.com
3,google.com
1,facebook.com
2,yahoo.com
3,google.com
1,facebook.com
2,yahoo.com
3,google.com
1,facebook.com
2,yahoo.com
3,google.com
1,facebook.com
2,yahoo.com
3,google.com
1,facebook.com
2,yahoo.com
3,google.com
1,facebook.com
2,yahoo.com
3,google.com
1,facebook.com
2,yahoo.com
3,google.com
1,facebook.com
2,yahoo.com
3,google.com
1,facebook.com
2,yahoo.com
3,google.com
1,facebook.com
2,yahoo.com
3,google.com
1,facebook.com
2,yahoo.com
3,google.com
1,facebook.com
2,yahoo.com
3,google.com
1,facebook.com
2,yahoo.com
3,google.com
1,facebook.com
2,yahoo.com
3,google.com
1,facebook.com
2,yahoo.com
3,google.com
1,facebook.com
2,yahoo.com
3,google.com
1,facebook.com
2,yahoo.com
3,google.com
1,facebook.com
2,yahoo.com
3,google.com
1,facebook.com
2,yahoo.com
3,google.com
1,facebook.com
2,yahoo.com
3,google.com
1,facebook.com
2,yahoo.com
3,google.com
1,facebook.com
2,yahoo.com
3,google.com
1,facebook.com
2,yahoo.com
3,google.com
1,facebook.com
2,yahoo.com
3,google.com
1,facebook.com
2,yahoo.com
3,google.com
1,facebook.com
2,yahoo.com
3,google.com
1,facebook.com
2,yahoo.com
3,google.com
1,facebook.com
2,yahoo.com
3,google.com
1,facebook.com
2,yahoo.com
3,google.com
1,facebook.com
2,yahoo.com
3,google.com
1,facebook.com
2,yahoo.com
3,google.com
1,facebook.com
2,yahoo.com
3,google.com
1,facebook.com
2,yahoo.com
3,google.com
1,facebook.com
2,yahoo.com
3,google.com
1,facebook.com
2,yahoo.com
3,google.com
1,facebook.com
2,yahoo.com
3,google.com
1,facebook.com
2,yahoo.com
3,google.com
1,facebook.com
2,yahoo.com
3,google.com
1,facebook.com
2,yahoo.com
3,google.com
1,facebook.com
2,yahoo.com
3,google.com
1,facebook.com
2,yahoo.com
3,google.com
1,facebook.com
2,yahoo.com
3,google.com
1,facebook.com
2,yahoo.com
3,google.com
1,facebook.com
2,yahoo.com
3,google.com
1,facebook.com
2,yahoo.com
3,google.com
1,facebook.com
2,yahoo.com
3,google.com
1,facebook.com
2,yahoo.com
3,google.com
1,facebook.com
2,yahoo.com
3,google.com
1,facebook.com
2,yahoo.com
3,google.com
1,facebook.com
2,yahoo.com
3,google.com
1,facebook.com
2,yahoo.com
3,google.com
1,facebook.com
2,yahoo.com
3,google.com
1,facebook.com
2,yahoo.com
3,google.com
1,facebook.com
2,yahoo.com
3,google.com
1,facebook.com
2,yahoo.com
3,google.com
1,facebook.com
2,yahoo.com
3,google.com
1,facebook.com
2,yahoo.com
3,google.com
1,facebook.com
2,yahoo.com
3,google.com
1,facebook.com
2,yahoo.com
3,google.com
1,facebook.com
2,yahoo.com
3,google.com
1,facebook.com
2,yahoo.com
3,google.com
1,facebook.com
2,yahoo.com
3,google.com
1,facebook.com
2,yahoo.com
3,google.com
1,facebook.com
2,yahoo.com
3,google.com
1,facebook.com
2,yahoo.com
3,google.com
1,facebook.com
2,yahoo.com
3,google.com
1,facebook.com
2,yahoo.com
3,google.com
1,facebook.com
2,yahoo.com
3,google.com
1,facebook.com
2,yahoo.com
3,google.com
1,facebook.com
2,yahoo.com
3,google.com
1,facebook.com
2,yahoo.com
3,google.com
1,facebook.com
2,yahoo.com
3,google.com
1,facebook.com
2,yahoo.com
3,google.com
1,facebook.com
2,yahoo.com
3,google.com
1,facebook.com
2,yahoo.com
3,google.com
1,facebook.com
2,yahoo.com
3,google.com
1,facebook.com
2,yahoo.com
3,google.com
1,facebook.com
2,yahoo.com
3,google.com
1,facebook.com
2,yahoo.com
3,google.com
1,facebook.com
2,yahoo.com
3,google.com
1,facebook.com
2,yahoo.com
3,google.com
1,facebook.com
2,yahoo.com
3,google.com
1,facebook.com
2,yahoo.com
3,google.com
1,facebook.com
2,yahoo.com
3,google.com
1,facebook.com
2,yahoo.com
3,google.com
1,facebook.com
2,yahoo.com
3,google.com
1,facebook.com
2,yahoo.com
3,google.com
1,facebook.com
2,yahoo.com
3,google.com
1,facebook.com
2,yahoo.com
3,google.com
1,facebook.com
2,yahoo.com
3,google.com
1,facebook.com
2,yahoo.com
3,google.com
1,facebook.com
2,yahoo.com
3,google.com
1,facebook.com
2,yahoo.com
3,google.com
1,facebook.com
2,yahoo.com
3,google.com
1,facebook.com
2,yahoo.com
3,google.com
1,facebook.com
2,yahoo.com
3,google.com
1,facebook.com
2,yahoo.com
3,google.com
1,facebook.com
2,yahoo.com
3,google.com
1,facebook.com
2,yahoo.com
3,google.com
1,facebook.com
2,yahoo.com
3,google.com
1,facebook.com
2,yahoo.com
3,google.com
1,facebook.com
2,yahoo.com
3,google.com
1,facebook.com
2,yahoo.com
3,google.com
1,facebook.com
2,yahoo.com
3,google.com
1,facebook.com
2,yahoo.com
3,google.com
1,facebook.com
2,yahoo.com
3,google.com
1,facebook.com
2,yahoo.com
3,google.com
1,facebook.com
2,yahoo.com
3,google.com
1,facebook.com
2,yahoo.com
3,google.com
1,facebook.com
2,yahoo.com
3,google.com
1,facebook.com
2,yahoo.com
3,google.com
1,facebook.com
2,yahoo.com
3,google.com
1,facebook.com
2,yahoo.com
3,google.com
1,facebook.com
2,yahoo.com
3,google.com
1,facebook.com
2,yahoo.com
3,google.com
1,facebook.com
2,yahoo.com
3,google.com
1,facebook.com
2,yahoo.com
3,google.com
1,facebook.com
2,yahoo.com
3,google.com
1,facebook.com
2,yahoo.com
3,google.com
1,facebook.com
2,yahoo.com
3,google.com
1,facebook.com
2,yahoo.com
3,google.com
1,facebook.com
2,yahoo.com
3,google.com
1,facebook.com
2,yahoo.com
3,google.com
1,facebook.com
2,yahoo.com
3,google.com
1,facebook.com
2,yahoo.com
3,google.com
1,facebook.com
2,yahoo.com
3,google.com
1,facebook.com
2,yahoo.com
3,google.com
1,facebook.com
2,yahoo.com
3,google.com
1,facebook.com
2,yahoo.com
3,google.com
1,facebook.com
2,yahoo.com
3,google.com
1,facebook.com
2,yahoo.com
3,google.com
1,facebook.com
2,yahoo.com
3,google.com
1,facebook.com
2,yahoo.com
3,google.com
1,facebook.com
2,yahoo.com
3,google.com
1,facebook.com
2,yahoo.com
3,google.com
1,facebook.com
2,yahoo.com
3,google.com
1,facebook.com
2,yahoo.com
3,google.com
1,facebook.com
2,yahoo.com
3,google.com
1,facebook.com
2,yahoo.com
3,google.com
1,facebook.com
2,yahoo.com
3,google.com
1,facebook.com
2,yahoo.com
3,google.com
1,facebook.com
2,yahoo.com
3,google.com
1,facebook.com
2,yahoo.com
3,google.com
1,facebook.com
2,yahoo.com
3,google.com
1,facebook.com
2,yahoo.com
3,google.com
1,facebook.com
2,yahoo.com
3,google.com
1,facebook.com
2,yahoo.com
3,google.com
1,facebook.com
2,yahoo.com
3,google.com
1,facebook.com
2,yahoo.com
3,google.com
1,facebook.com
2,yahoo.com
3,google.com
1,facebook.com
2,yahoo.com
3,google.com
1,facebook.com
2,yahoo.com
3,google.com
1,facebook.com
2,yahoo.com
3,google.com
1,facebook.com
2,yahoo.com
3,google.com
1,facebook.com
2,yahoo.com
3,google.com
1,facebook.com
2,yahoo.com
3,google.com
1,facebook.com
2,yahoo.com
3,google.com
1,facebook.com
2,yahoo.com
3,google.com
1,facebook.com
2,yahoo.com
3,google.com
1,facebook.com
2,yahoo.com
3,google.com
1,facebook.com
2,yahoo.com
3,google.com
1,facebook.com
2,yahoo.com
3,google.com
1,facebook.com
2,yahoo.com
3,google.com
1,facebook.com
2,yahoo.com
3,google.com
1,facebook.com
2,yahoo.com
3,google.com
1,facebook.com
2,yahoo.com
3,google.com
1,facebook.com
2,yahoo.com
3,google.com
1,facebook.com
2,yahoo.com
3,google.com
1,facebook.com
2,yahoo.com
3,google.com
1,facebook.com
2,yahoo.com
3,google.com
1,facebook.com
2,yahoo.com
3,google.com
1,facebook.com
2,yahoo.com
3,google.com
1,facebook.com
2,yahoo.com
3,google.com
1,facebook.com
2,yahoo.com
3,google.com
1,facebook.com
2,yahoo.com
3,google.com
1,facebook.com
2,yahoo.com
3,google.com
1,facebook.com
2,yahoo.com
3,google.com
1,facebook.com
2,yahoo.com
3,google.com
1,facebook.com
2,yahoo.com
3,google.com
1,facebook.com
2,yahoo.com
3,google.com
1,facebook.com
2,yahoo.com
3,google.com
1,facebook.com
2,yahoo.com
3,google.com
1,facebook.com
2,yahoo.com
3,google.com
1,facebook.com
2,yahoo.com
3,google.com
1,facebook.com
2,yahoo.com
3,google.com
1,facebook.com
2,yahoo.com
3,google.com
1,facebook.com
2,yahoo.com
3,google.com
1,facebook.com
2,yahoo.com
3,google.com
1,facebook.com
2,yahoo.com
3,google.com
1,facebook.com
2,yahoo.com
3,google.com
1,facebook.com
2,yahoo.com
3,google.com
1,facebook.com
2,yahoo.com
3,google.com
1,facebook.com
2,yahoo.com
3,google.com
1,facebook.com
2,yahoo.com
3,google.com
1,facebook.com
2,yahoo.com
3,google.com
1,facebook.com
2,yahoo.com
3,google.com
1,facebook.com
2,yahoo.com
3,google.com
1,facebook.com
2,yahoo.com
3,google.com
1,facebook.com
2,yahoo.com
3,google.com
1,facebook.com
2,yahoo.com
3,google.com
1,facebook.com
2,yahoo.com
3,google.com
1,facebook.com
2,yahoo.com
3,google.com
1,facebook.com
2,yahoo.com
3,google.com
1,facebook.com
2,yahoo.com
3,google.com
1,facebook.com
2,yahoo.com
3,google.com
1,facebook.com
2,yahoo.com
3,google.com
1,facebook.com
2,yahoo.com
3,google.com
1,facebook.com
2,yahoo.com
3,google.com
1,facebook.com
2,yahoo.com
3,google.com
1,facebook.com
2,yahoo.com
3,google.com
1,facebook.com
2,yahoo.com
3,google.com
1,facebook.com
2,yahoo.com
3,google.com
1,facebook.com
2,yahoo.com
3,google.com
1,facebook.com
2,yahoo.com
3,google.com
1,facebook.com
2,yahoo.com
3,google.com
1,facebook.com
2,yahoo.com
3,google.com
1,facebook.com
2,yahoo.com
3,google.com
1,facebook.com
2,yahoo.com
3,google.com
1,facebook.com
2,yahoo.com
3,google.com
1,facebook.com
2,yahoo.com
3,google.com
1,facebook.com
2,yahoo.com
3,google.com
1,facebook.com
2,yahoo.com
3,google.com
1,facebook.com
2,yahoo.com
3,google.com
1,facebook.com
2,yahoo.com
3,google.com
1,facebook.com
2,yahoo.com
3,google.com
1,facebook.com
2,yahoo.com
3,google.com
1,facebook.com
2,yahoo.com
3,google.com
1,facebook.com
2,yahoo.com
3,google.com
1,facebook.com
2,yahoo.com
3,google.com
1,facebook.com
2,yahoo.com
3,google.com
1,facebook.com
2,yahoo.com
3,google.com
1,facebook.com
2,yahoo.com
3,google.com
1,facebook.com
2,yahoo.com
3,google.com
1,facebook.com
2,yahoo.com
3,google.com
1,facebook.com
2,yahoo.com
3,google.com
1,facebook.com
2,yahoo.com
3,google.com
1,facebook.com
2,yahoo.com
3,google.com
1,facebook.com
2,yahoo.com
3,google.com
1,facebook.com
2,yahoo.com
3,google.com
1,facebook.com
2,yahoo.com
3,google.com
1,facebook.com
2,yahoo.com
3,google.com
1,facebook.com
2,yahoo.com
3,google.com
1,facebook.com
2,yahoo.com
3,google.com
1,facebook.com
2,yahoo.com
3,google.com
1,facebook.com
2,yahoo.com
3,google.com
1,facebook.com
2,yahoo.com
3,google.com
1,facebook.com
2,yahoo.com
3,google.com
1,facebook.com
2,yahoo.com
3,google.com
1,facebook.com
2,yahoo.com
3,google.com
1,facebook.com
2,yahoo.com
3,google.com
1,facebook.com
2,yahoo.com
3,google.com
1,facebook.com
2,yahoo.com
3,google.com
1,facebook.com
2,yahoo.com
3,google.com
1,facebook.com
2,yahoo.com
3,google.com
1,facebook.com
2,yahoo.com
3,google.com
1,facebook.com
2,yahoo.com
3,google.com
1,facebook.com
2,yahoo.com
3,google.com
1,facebook.com
2,yahoo.com
3,google.com
1,facebook.com
2,yahoo.com
3,google.com
1,facebook.com
2,yahoo.com
3,google.com
1,facebook.com
2,yahoo.com
3,google.com
1,facebook.com
2,yahoo.com
3,google.com
1,facebook.com
2,yahoo.com
3,google.com
1,facebook.com
2,yahoo.com
3,google.com
1,facebook.com
2,yahoo.com
3,google.com
1,facebook.com
2,yahoo.com
3,google.com
1,facebook.com
2,yahoo.com
3,google.com
1,facebook.com
2,yahoo.com
3,google.com
1,facebook.com
2,yahoo.com
3,google.com
1,facebook.com
2,yahoo.com
3,google.com
1,facebook.com
2,yahoo.com
3,google.com
1,facebook.com
2,yahoo.com
3,google.com
1,facebook.com
2,yahoo.com
3,google.com
1,facebook.com
2,yahoo.com
3,google.com
1,facebook.com
2,yahoo.com
3,google.com
1,facebook.com
2,yahoo.com
3,google.com
1,facebook.com
2,yahoo.com
3,google.com
1,facebook.com
2,yahoo.com
3,google.com
1,facebook.com
2,yahoo.com
3,google.com
1,facebook.com
2,yahoo.com
3,google.com
1,facebook.com
2,yahoo.com
3,google.com
1,facebook.com
2,yahoo.com
3,google.com
1,facebook.com
2,yahoo.com
3,google.com
1,facebook.com
2,yahoo.com
3,google.com
1,facebook.com
2,yahoo.com
3,google.com
1,facebook.com
2,yahoo.com
3,google.com
1,facebook.com
2,yahoo.com
3,google.com
1,facebook.com
2,yahoo.com
3,google.com
1,facebook.com
2,yahoo.com
3,google.com
1,facebook.com
2,yahoo.com
3,google.com
1,facebook.com
2,yahoo.com
3,google.com
1,facebook.com
2,yahoo.com
3,google.com
1,facebook.com
2,yahoo.com
3,google.com
1,facebook.com
2,yahoo.com
3,google.com
1,facebook.com
2,yahoo.com
3,google.com
1,facebook.com
2,yahoo.com
3,google.com
1,facebook.com
2,yahoo.com
3,google.com
1,facebook.com
2,yahoo.com
3,google.com
1,facebook.com
2,yahoo.com
3,google.com
1,facebook.com
2,yahoo.com
3,google.com
1,facebook.com
2,yahoo.com
3,google.com
1,facebook.com
2,yahoo.com
3,google.com
1,facebook.com
2,yahoo.com
3,google.com
1,facebook.com
2,yahoo.com
3,google.com
1,facebook.com
2,yahoo.com
3,google.com
1,facebook.com
2,yahoo.com
3,google.com
1,facebook.com
2,yahoo.com
3,google.com
1,facebook.com
2,yahoo.com
3,google.com
1,facebook.com
2,yahoo.com
3,google.com
1,facebook.com
2,yahoo.com
3,google.com
1,facebook.com
2,yahoo.com
3,google.com
1,facebook.com
2,yahoo.com
3,google.com
1,facebook.com
2,yahoo.com
3,google.com
1,facebook.com
2,yahoo.com
3,google.com
1,facebook.com
2,yahoo.com
3,google.com
1,facebook.com
2,yahoo.com
3,google.com
1,facebook.com
2,yahoo.com
3,google.com
1,facebook.com
2,yahoo.com
3,google.com
1,facebook.com
2,yahoo.com
3,google.com
1,facebook.com
2,yahoo.com
3,google.com
1,facebook.com
2,yahoo.com
3,google.com
1,facebook.com
2,yahoo.com
3,google.com
1,facebook.com
2,yahoo.com
3,google.com
1,facebook.com
2,yahoo.com
3,google.com
1,facebook.com
2,yahoo.com
3,google.com
1,facebook.com
2,yahoo.com
3,google.com
1,facebook.com
2,yahoo.com
3,google.com
1,facebook.com
2,yahoo.com
3,google.com
1,facebook.com
2,yahoo.com
3,google.com
1,facebook.com
2,yahoo.com
3,google.com
1,facebook.com
2,yahoo.com
3,google.com
1,facebook.com
2,yahoo.com
3,google.com
1,facebook.com
2,yahoo.com
3,google.com
1,facebook.com
2,yahoo.com
3,google.com
1,facebook.com
2,yahoo.com
3,google.com
1,facebook.com
2,yahoo.com
3,google.com
1,facebook.com
2,yahoo.com
3,google.com
1,facebook.com
2,yahoo.com
3,google.com
1,facebook.com
2,yahoo.com
3,google.com
1,facebook.com
2,yahoo.com
3,google.com
1,facebook.com
2,yahoo.com
3,google.com
1,facebook.com
2,yahoo.com
3,google.com
1,facebook.com
2,yahoo.com
3,google.com
1,facebook.com
2,yahoo.com
3,google.com
1,facebook.com
2,yahoo.com
3,google.com
1,facebook.com
2,yahoo.com
3,google.com
1,facebook.com
2,yahoo.com
3,google.com
1,facebook.com
2,yahoo.com
3,google.com
1,facebook.com
2,yahoo.com
3,google.com
1,facebook.com
2,yahoo.com
3,google.com
1,facebook.com
2,yahoo.com
3,google.com
1,facebook.com
2,yahoo.com
3,google.com
1,facebook.com
2,yahoo.com
3,google.com
1,facebook.com
2,yahoo.com
3,google.com
1,facebook.com
2,yahoo.com
3,google.com
1,facebook.com
2,yahoo.com
3,google.com
1,facebook.com
2,yahoo.com
3,google.com
1,facebook.com
2,yahoo.com
3,google.com
1,facebook.com
2,yahoo.com
3,google.com
1,facebook.com
2,yahoo.com
3,google.com
1,facebook.com
2,yahoo.com
3,google.com
1,facebook.com
2,yahoo.com
3,google.com
1,facebook.com
2,yahoo.com
3,google.com
1,facebook.com
2,yahoo.com
3,google.com
1,facebook.com
2,yahoo.com
3,google.com
1,facebook.com
2,yahoo.com
3,google.com
1,facebook.com
2,yahoo.com
3,google.com
1,facebook.com
2,yahoo.com
3,google.com
1,facebook.com
2,yahoo.com
3,google.com
1,facebook.com
2,yahoo.com
3,google.com
1,facebook.com
2,yahoo.com
3,google.com
1,facebook.com
2,yahoo.com
3,google.com
1,facebook.com
2,yahoo.com
3,google.com
1,facebook.com
2,yahoo.com
3,google.com
1,facebook.com
2,yahoo.com
3,google.com
1,facebook.com
2,yahoo.com
3,google.com
1,facebook.com
2,yahoo.com
3,google.com
1,facebook.com
2,yahoo.com
3,google.com
1,facebook.com
2,yahoo.com
3,google.com
1,facebook.com
2,yahoo.com
3,google.com
1,facebook.com
2,yahoo.com
3,google.com
1,facebook.com
2,yahoo.com
3,google.com
1,facebook.com
2,yahoo.com
3,google.com
1,facebook.com
2,yahoo.com
3,google.com
1,facebook.com
2,yahoo.com
3,google.com
1,facebook.com
2,yahoo.com
3,google.com
1,facebook.com
2,yahoo.com
3,google.com
1,facebook.com
2,yahoo.com
3,google.com
1,facebook.com
2,yahoo.com
3,google.com
1,facebook.com
2,yahoo.com
3,google.com
1,facebook.com
2,yahoo.com
3,google.com
1,facebook.com
2,yahoo.com
3,google.com
1,facebook.com
2,yahoo.com
3,google.com
1,facebook.com
2,yahoo.com
3,google.com
1,facebook.com
2,yahoo.com
3,google.com
1,facebook.com
2,yahoo.com
3,google.com
1,facebook.com
2,yahoo.com
3,google.com
1,facebook.com
2,yahoo.com
3,google.com
1,facebook.com
2,yahoo.com
3,google.com
1,facebook.com
2,yahoo.com
3,google.com
1,facebook.com
2,yahoo.com
3,google.com
1,facebook.com
2,yahoo.com
3,google.com
1,facebook.com
2,yahoo.com
3,google.com
1,facebook.com
2,yahoo.com
3,google.com
1,facebook.com
2,yahoo.com
3,google.com
1,facebook.com
2,yahoo.com
3,google.com
1,facebook.com
2,yahoo.com
3,google.com
1,facebook.com
2,yahoo.com
3,google.com
1,facebook.com
2,yahoo.com
3,google.com
1,facebook.com
2,yahoo.com
3,google.com
1,facebook.com
2,yahoo.com
3,google.com
1,facebook.com
2,yahoo.com
3,google.com
1,facebook.com
2,yahoo.com
3,google.com
1,facebook.com
2,yahoo.com
3,google.com
1,facebook.com
2,yahoo.com
3,google.com
1,facebook.com
2,yahoo.com
3,google.com
1,facebook.com
2,yahoo.com
3,google.com
1,facebook.com
2,yahoo.com
3,google.com
1,facebook.com
2,yahoo.com
3,google.com
1,facebook.com
2,yahoo.com
3,google.com
1,facebook.com
2,yahoo.com
3,google.com
1,facebook.com
2,yahoo.com
3,google.com
1,facebook.com
2,yahoo.com
3,google.com
1,facebook.com
2,yahoo.com
3,google.com
1,facebook.com
2,yahoo.com
3,google.com
1,facebook.com
2,yahoo.com
3,google.com
1,facebook.com
2,yahoo.com
3,google.com
1,facebook.com
2,yahoo.com
3,google.com
1,facebook.com
2,yahoo.com
3,google.com
1,facebook.com
2,yahoo.com
3,google.com
1,facebook.com
2,yahoo.com
3,google.com
1,facebook.com
2,yahoo.com
3,google.com
1,facebook.com
2,yahoo.com
3,google.com
1,facebook.com
2,yahoo.com
3,google.com
1,facebook.com
2,yahoo.com
3,google.com
1,facebook.com
2,yahoo.com
3,google.com
1,facebook.com
2,yahoo.com
3,google.com
1,facebook.com
2,yahoo.com
3,google.com
1,facebook.com
2,yahoo.com
3,google.com
1,facebook.com
2,yahoo.com
3,google.com
1,facebook.com
2,yahoo.com
3,google.com
1,facebook.com
2,yahoo.com
3,google.com
1,facebook.com
2,yahoo.com
3,google.com
1,facebook.com
2,yahoo.com
3,google.com
1,facebook.com
2,yahoo.com
3,google.com
1,facebook.com
2,yahoo.com
3,google.com
1,facebook.com
2,yahoo.com
3,google.com
1,facebook.com
2,yahoo.com
3,google.com
1,facebook.com
2,yahoo.com
3,google.com
1,facebook.com
2,yahoo.com
3,google.com
1,facebook.com
2,yahoo.com
3,google.com
1,facebook.com
2,yahoo.com
3,google.com
1,facebook.com
2,yahoo.com
3,google.com
1,facebook.com
2,yahoo.com
3,google.com
1,facebook.com
2,yahoo.com
3,google.com
1,facebook.com
2,yahoo.com
3,google.com
1,facebook.com
2,yahoo.com
3,google.com
1,facebook.com
2,yahoo.com
3,google.com
1,facebook.com
2,yahoo.com
3,google.com
1,facebook.com
2,yahoo.com
3,google.com
1,facebook.com
2,yahoo.com
3,google.com
1,facebook.com
2,yahoo.com
3,google.com
1,facebook.com
2,yahoo.com
3,google.com
1,facebook.com
2,yahoo.com
3,google.com
1,facebook.com
2,yahoo.com
3,google.com
1,facebook.com
2,yahoo.com
3,google.com
1,facebook.com
2,yahoo.com
3,google.com
1,facebook.com
2,yahoo.com
3,google.com
1,facebook.com
2,yahoo.com
3,google.com
1,facebook.com
2,yahoo.com
3,google.com
1,facebook.com
2,yahoo.com
3,google.com
1,facebook.com
2,yahoo.com
3,google.com
1,facebook.com
2,yahoo.com
3,google.com
1,facebook.com
2,yahoo.com
3,google.com
1,facebook.com
2,yahoo.com
3,google.com
1,facebook.com
2,yahoo.com
3,google.com
1,facebook.com
2,yahoo.com
3,google.com
1,facebook.com
2,yahoo.com
3,google.com
1,facebook.com
2,yahoo.com
3,google.com
1,facebook.com
2,yahoo.com
3,google.com
1,facebook.com
2,yahoo.com
3,google.com
1,facebook.com
2,yahoo.com
3,google.com
1,facebook.com
2,yahoo.com
3,google.com
1,facebook.com
2,yahoo.com
3,google.com
1,facebook.com
2,yahoo.com
3,google.com
1,facebook.com
2,yahoo.com
3,google.com
1,facebook.com
2,yahoo.com
3,google.com
1,facebook.com
2,yahoo.com
3,google.com
1,facebook.com
2,yahoo.com
3,google.com
1,facebook.com
2,yahoo.com
3,google.com
1,facebook.com
2,yahoo.com
3,google.com
1,facebook.com
2,yahoo.com
3,google.com
1,facebook.com
2,yahoo.com
3,google.com
1,facebook.com
2,yahoo.com
3,google.com
1,facebook.com
2,yahoo.com
3,google.com
1,facebook.com
2,yahoo.com
3,google.com
1,facebook.com
2,yahoo.com
3,google.com
1,facebook.com
2,yahoo.com
3,google.com
1,facebook.com
2,yahoo.com
3,google.com
1,facebook.com
2,yahoo.com
3,google.com
1,facebook.com
2,yahoo.com
3,google.com
1,facebook.com
2,yahoo.com
3,google.com
1,facebook.com
2,yahoo.com
3,google.com
1,facebook.com
2,yahoo.com
3,google.com
1,facebook.com
2,yahoo.com
3,google.com
1,facebook.com
2,yahoo.com
3,google.com
1,facebook.com
2,yahoo.com
3,google.com
1,facebook.com
2,yahoo.com
3,google.com
1,facebook.com
2,yahoo.com
3,google.com
1,facebook.com
2,yahoo.com
3,google.com
1,facebook.com
2,yahoo.com
3,google.com
1,facebook.com
2,yahoo.com
3,google.com
1,facebook.com
2,yahoo.com
3,google.com
1,facebook.com
2,yahoo.com
3,google.com
1,facebook.com
2,yahoo.com
3,google.com
1,facebook.com
2,yahoo.com
3,google.com
1,facebook.com
2,yahoo.com
3,google.com
1,facebook.com
2,yahoo.com
3,google.com
1,facebook.com
2,yahoo.com
3,google.com
1,facebook.com
2,yahoo.com
3,google.com
1,facebook.com
2,yahoo.com
3,google.com
1,facebook.com
2,yahoo.com
3,google.com
1,facebook.com
2,yahoo.com
3,google.com
1,facebook.com
2,yahoo.com
3,google.com
1,facebook.com
2,yahoo.com
3,google.com
1,facebook.com
2,yahoo.com
3,google.com
1,facebook.com
2,yahoo.com
3,google.com
1,facebook.com
2,yahoo.com
3,google.com
1,facebook.com
2,yahoo.com
3,google.com
1,facebook.com
2,yahoo.com
3,google.com
1,facebook.com
2,yahoo.com
3,google.com
1,facebook.com
2,yahoo.com
3,google.com
1,facebook.com
2,yahoo.com
3,google.com
1,facebook.com
2,yahoo.com
3,google.com
1,facebook.com
2,yahoo.com
3,google.com
1,facebook.com
2,yahoo.com
3,google.com
1,facebook.com
2,yahoo.com
3,google.com
1,facebook.com
2,yahoo.com
3,google.com
1,facebook.com
2,yahoo.com
3,google.com
1,facebook.com
2,yahoo.com
3,google.com
1,facebook.com
2,yahoo.com
3,google.com
1,facebook.com
2,yahoo.com
3,google.com
1,facebook.com
2,yahoo.com
3,google.com
1,facebook.com
2,yahoo.com
3,google.com
1,facebook.com
2,yahoo.com
3,google.com
1,facebook.com
2,yahoo.com
3,google.com
1,facebook.com
2,yahoo.com
3,google.com
1,facebook.com
2,yahoo.com
3,google.com
1,facebook.com
2,yahoo.com
3,google.com
1,facebook.com
2,yahoo.com
3,google.com
1,facebook.com
2,yahoo.com
3,google.com
1,facebook.com
2,yahoo.com
3,google.com
1,facebook.com
2,yahoo.com
3,google.com
1,facebook.com
2,yahoo.com
3,google.com
1,facebook.com
2,yahoo.com
3,google.com
1,facebook.com
2,yahoo.com
3,google.com
1,facebook.com
2,yahoo.com
3,google.com
1,facebook.com
2,yahoo.com
3,google.com
1,facebook.com
2,yahoo.com
3,google.com
1,facebook.com
2,yahoo.com
3,google.com
1,facebook.com
2,yahoo.com
3,google.com
1,facebook.com
2,yahoo.com
3,google.com
1,facebook.com
2,yahoo.com
3,google.com
1,facebook.com
2,yahoo.com
3,google.com
1,facebook.com
2,yahoo.com
3,google.com
1,facebook.com
2,yahoo.com
3,google.com
1,facebook.com
2,yahoo.com
3,google.com
1,facebook.com
2,yahoo.com
3,google.com
1,facebook.com
2,yahoo.com
3,google.com
1,facebook.com
2,yahoo.com
3,google.com
1,facebook.com
2,yahoo.com
3,google.com
1,facebook.com
2,yahoo.com
3,google.com
1,facebook.com
2,yahoo.com
3,google.com
1,facebook.com
2,yahoo.com
3,google.com
1,facebook.com
2,yahoo.com
3,google.com
1,facebook.com
2,yahoo.com
3,google.com
1,facebook.com
2,yahoo.com
3,google.com
1,facebook.com
2,yahoo.com
3,google.com
1,facebook.com
2,yahoo.com
3,google.com
1,facebook.com
2,yahoo.com
3,google.com
1,facebook.com
2,yahoo.com
3,google.com
1,facebook.com
2,yahoo.com
3,google.com
1,facebook.com
2,yahoo.com
3,google.com
1,facebook.com
2,yahoo.com
3,google.com
1,facebook.com
2,yahoo.com
3,google.com
1,facebook.com
2,yahoo.com
3,google.com
1,facebook.com
2,yahoo.com
3,google.com
1,facebook.com
2,yahoo.com
3,google.com
1,facebook.com
2,yahoo.com
3,google.com
1,facebook.com
2,yahoo.com
3,google.com
1,facebook.com
2,yahoo.com
3,google.com
1,facebook.com
2,yahoo.com
3,google.com
1,facebook.com
2,yahoo.com
3,google.com
1,facebook.com
2,yahoo.com
3,google.com
1,facebook.com
2,yahoo.com
3,google.com
1,facebook.com
2,yahoo.com
3,google.com
1,facebook.com
2,yahoo.com
3,google.com
1,facebook.com
2,yahoo.com
3,google.com
1,facebook.com
2,yahoo.com
3,google.com
1,facebook.com
2,yahoo.com
3,google.com
1,facebook.com
2,yahoo.com
3,google.com
1,facebook.com
2,yahoo.com
3,google.com
1,facebook.com
2,yahoo.com
3,google.com
1,facebook.com
2,yahoo.com
3,google.com
1,facebook.com
2,yahoo.com
3,google.com
1,facebook.com
2,yahoo.com
3,google.com
1,facebook.com
2,yahoo.com
3,google.com
1,facebook.com
2,yahoo.com
3,google.com
1,facebook.com
2,yahoo.com
3,google.com
1,facebook.com
2,yahoo.com
3,google.com
1,facebook.com
2,yahoo.com
3,google.com
1,facebook.com
2,yahoo.com
3,google.com
1,facebook.com
2,yahoo.com
3,google.com
1,facebook.com
2,yahoo.com
3,google.com
1,facebook.com
2,yahoo.com
3,google.com
1,facebook.com
2,yahoo.com
3,google.com
1,facebook.com
2,yahoo.com
3,google.com
1,facebook.com
2,yahoo.com
3,google.com
1,facebook.com
2,yahoo.com
3,google.com
1,facebook.com
2,yahoo.com
3,google.com
1,facebook.com
2,yahoo.com
3,google.com
1,facebook.com
2,yahoo.com
3,google.com
1,facebook.com
2,yahoo.com
3,google.com
1,facebook.com
2,yahoo.com
3,google.com
1,facebook.com
2,yahoo.com
3,google.com
1,facebook.com
2,yahoo.com
3,google.com
1,facebook.com
2,yahoo.com
3,google.com
1,facebook.com
2,yahoo.com
3,google.com
1,facebook.com
2,yahoo.com
3,google.com
1,facebook.com
2,yahoo.com
3,google.com
1,facebook.com
2,yahoo.com
3,google.com
1,facebook.com
2,yahoo.com
3,google.com
1,facebook.com
2,yahoo.com
3,google.com
1,facebook.com
2,yahoo.com
3,google.com
1,facebook.com
2,yahoo.com
3,google.com
1,facebook.com
2,yahoo.com
3,google.com
1,facebook.com
2,yahoo.com
3,google.com
1,facebook.com
2,yahoo.com
3,google.com
1,facebook.com
2,yahoo.com
3,google.com
1,facebook.com
2,yahoo.com
3,google.com
1,facebook.com
2,yahoo.com
3,google.com
1,facebook.com
2,yahoo.com
3,google.com
1,facebook.com
2,yahoo.com
3,google.com
1,facebook.com
2,yahoo.com
3,google.com
1,facebook.com
2,yahoo.com
3,google.com
1,facebook.com
2,yahoo.com
3,google.com
1,facebook.com
2,yahoo.com
3,google.com
1,facebook.com
2,yahoo.com
3,google.com
1,facebook.com
2,yahoo.com
3,google.com
1,facebook.com
2,yahoo.com
3,google.com
1,facebook.com
2,yahoo.com
3,google.com
1,facebook.com
2,yahoo.com
3,google.com
1,facebook.com
2,yahoo.com
3,google.com
1,facebook.com
2,yahoo.com
3,google.com
1,facebook.com
2,yahoo.com
3,google.com
1,facebook.com
2,yahoo.com
3,google.com
1,facebook.com
2,yahoo.com
3,google.com
1,facebook.com
2,yahoo.com
3,google.com
1,facebook.com
2,yahoo.com
3,google.com
1,facebook.com
2,yahoo.com
3,google.com
1,facebook.com
2,yahoo.com
3,google.com
1,facebook.com
2,yahoo.com
3,google.com
1,facebook.com
2,yahoo.com
3,google.com
1,facebook.com
2,yahoo.com
3,google.com
1,facebook.com
2,yahoo.com
3,google.com
1,facebook.com
2,yahoo.com
3,google.com
1,facebook.com
2,yahoo.com
3,google.com
1,facebook.com
2,yahoo.com
3,google.com
1,facebook.com
2,yahoo.com
3,google.com
1,facebook.com
2,yahoo.com
3,google.com
1,facebook.com
2,yahoo.com
3,google.com
1,facebook.com
2,yahoo.com
3,google.com
1,facebook.com
2,yahoo.com
3,google.com
1,facebook.com
2,yahoo.com
3,google.com
1,facebook.com
2,yahoo.com
3,google.com
1,facebook.com
2,yahoo.com
3,google.com
1,facebook.com
2,yahoo.com
3,google.com
1,facebook.com
2,yahoo.com
3,google.com
1,facebook.com
2,yahoo.com
3,google.com
1,facebook.com
2,yahoo.com
3,google.com
1,facebook.com
2,yahoo.com
3,google.com
1,facebook.com
2,yahoo.com
3,google.com
1,facebook.com
2,yahoo.com
3,google.com
1,facebook.com
2,yahoo.com
3,google.com
1,facebook.com
2,yahoo.com
3,google.com
1,facebook.com
2,yahoo.com
3,google.com
1,facebook.com
2,yahoo.com
3,google.com
1,facebook.com
2,yahoo.com
3,google.com
1,facebook.com
2,yahoo.com
3,google.com
1,facebook.com
2,yahoo.com
3,google.com
1,facebook.com
2,yahoo.com
3,google.com
1,facebook.com
2,yahoo.com
3,google.com
1,facebook.com
2,yahoo.com
3,google.com
1,facebook.com
2,yahoo.com
3,google.com
1,facebook.com
2,yahoo.com
3,google.com
1,facebook.com
2,yahoo.com
3,google.com
1,facebook.com
2,yahoo.com
3,google.com
1,facebook.com
2,yahoo.com
3,google.com
1,facebook.com
2,yahoo.com
3,google.com
1,facebook.com
2,yahoo.com
3,google.com
1,facebook.com
2,yahoo.com
3,google.com
1,facebook.com
2,yahoo.com
3,google.com
1,facebook.com
2,yahoo.com
3,google.com
1,facebook.com
2,yahoo.com
3,google.com
1,facebook.com
2,yahoo.com
3,google.com
1,facebook.com
2,yahoo.com
3,google.com
1,facebook.com
2,yahoo.com
3,google.com
1,facebook.com
2,yahoo.com
3,google.com
1,facebook.com
2,yahoo.com
3,google.com
1,facebook.com
2,yahoo.com
3,google.com
1,facebook.com
2,yahoo.com
3,google.com
1,facebook.com
2,yahoo.com
3,google.com
1,facebook.com
2,yahoo.com
3,google.com
1,facebook.com
2,yahoo.com
3,google.com
1,facebook.com
2,yahoo.com
3,google.com
1,facebook.com
2,yahoo.com
3,google.com
1,facebook.com
2,yahoo.com
3,google.com
1,facebook.com
2,yahoo.com
3,google.com
1,facebook.com
2,yahoo.com
3,google.com
1,facebook.com
2,yahoo.com
3,google.com
1,facebook.com
2,yahoo.com
3,google.com
1,facebook.com
2,yahoo.com
3,google.com
1,facebook.com
2,yahoo.com
3,google.com
1,facebook.com
2,yahoo.com
3,google.com
1,facebook.com
2,yahoo.com
3,google.com
1,facebook.com
2,yahoo.com
3,google.com
1,facebook.com
2,yahoo.com
3,google.com
1,facebook.com
2,yahoo.com
3,google.com
1,facebook.com
2,yahoo.com
3,google.com
1,facebook.com
2,yahoo.com
3,google.com
1,facebook.com
2,yahoo.com
3,google.com
1,facebook.com
2,yahoo.com
3,google.com
1,facebook.com
2,yahoo.com
3,google.com
1,facebook.com
2,yahoo.com
3,google.com
1,facebook.com
2,yahoo.com
3,google.com
1,facebook.com
2,yahoo.com
3,google.com
1,facebook.com
2,yahoo.com
3,google.com
1,facebook.com
2,yahoo.com
3,google.com
1,facebook.com
2,yahoo.com
3,google.com
1,facebook.com
2,yahoo.com
3,google.com
1,facebook.com
2,yahoo.com
3,google.com
1,facebook.com
2,yahoo.com
3,google.com
1,facebook.com
2,yahoo.com
3,google.com
1,facebook.com
2,yahoo.com
3,google.com
1,facebook.com
2,yahoo.com
3,google.com
1,facebook.com
2,yahoo.com
3,google.com
1,facebook.com
2,yahoo.com
3,google.com
1,facebook.com
2,yahoo.com
3,google.com
1,facebook.com
2,yahoo.com
3,google.com
1,facebook.com
2,yahoo.com
3,google.com
1,facebook.com
2,yahoo.com
3,google.com
1,facebook.com
2,yahoo.com
3,google.com
1,facebook.com
2,yahoo.com
3,google.com
1,facebook.com
2,yahoo.com
3,google.com
1,facebook.com
2,yahoo.com
3,google.com
1,facebook.com
2,yahoo.com
3,google.com
1,facebook.com
2,yahoo.com
3,google.com
1,facebook.com
2,yahoo.com
3,google.com
1,facebook.com
2,yahoo.com
3,google.com
1,facebook.com
2,yahoo.com
3,google.com
1,facebook.com
2,yahoo.com
3,google.com
1,facebook.com
2,yahoo.com
3,google.com
1,facebook.com
2,yahoo.com
3,google.com
1,facebook.com
2,yahoo.com
3,google.com
1,facebook.com
2,yahoo.com
3,google.com
1,facebook.com
2,yahoo.com
3,google.com
1,facebook.com
2,yahoo.com
3,google.com
1,facebook.com
2,yahoo.com
3,google.com
1,facebook.com
2,yahoo.com
3,google.com
1,facebook.com
2,yahoo.com
3,google.com
1,facebook.com
2,yahoo.com
3,google.com
1,facebook.com
2,yahoo.com
3,google.com
1,facebook.com
2,yahoo.com
3,google.com
1,facebook.com
2,yahoo.com
3,google.com
1,facebook.com
2,yahoo.com
3,google.com
1,facebook.com
2,yahoo.com
3,google.com
1,facebook.com
2,yahoo.com
3,google.com
1,facebook.com
2,yahoo.com
3,google.com
1,facebook.com
2,yahoo.com
3,google.com
1,facebook.com
2,yahoo.com
3,google.com
1,facebook.com
2,yahoo.com
3,google.com
1,facebook.com
2,yahoo.com
3,google.com
1,facebook.com
2,yahoo.com
3,google.com
1,facebook.com
2,yahoo.com
3,google.com
1,facebook.com
2,yahoo.com
3,google.com
1,facebook.com
2,yahoo.com
3,google.com
1,facebook.com
2,yahoo.com
3,google.com
1,facebook.com
2,yahoo.com
3,google.com
1,facebook.com
2,yahoo.com
3,google.com
1,facebook.com
2,yahoo.com
3,google.com
1,facebook.com
2,yahoo.com
3,google.com
1,facebook.com
2,yahoo.com
3,google.com
1,facebook.com
2,yahoo.com
3,google.com
1,facebook.com
2,yahoo.com
3,google.com
1,facebook.com
2,yahoo.com
3,google.com
1,facebook.com
2,yahoo.com
3,google.com
1,facebook.com
2,yahoo.com
3,google.com
1,facebook.com
2,yahoo.com
3,google.com
1,facebook.com
2,yahoo.com
3,google.com
1,facebook.com
2,yahoo.com
3,google.com
1,facebook.com
2,yahoo.com
3,google.com
1,facebook.com
2,yahoo.com
3,google.com
1,facebook.com
2,yahoo.com
3,google.com
1,facebook.com
2,yahoo.com
3,google.com
1,facebook.com
2,yahoo.com
3,google.com
1,facebook.com
2,yahoo.com
3,google.com
1,facebook.com
2,yahoo.com
3,google.com
1,facebook.com
2,yahoo.com
3,google.com
1,facebook.com
2,yahoo.com
3,google.com
1,facebook.com
2,yahoo.com
3,google.com
1,facebook.com
2,yahoo.com
3,google.com
1,facebook.com
2,yahoo.com
3,google.com
1,facebook.com
2,yahoo.com
3,google.com
1,facebook.com
2,yahoo.com
3,google.com
1,facebook.com
2,yahoo.com
3,google.com
1,facebook.com
2,yahoo.com
3,google.com
1,facebook.com
2,yahoo.com
3,google.com
1,facebook.com
2,yahoo.com
3,google.com
1,facebook.com
2,yahoo.com
3,google.com
1,facebook.com
2,yahoo.com
3,google.com
1,facebook.com
2,yahoo.com
3,google.com
1,facebook.com
2,yahoo.com
3,google.com
1,facebook.com
2,yahoo.com
3,google.com
1,facebook.com
2,yahoo.com
3,google.com
1,facebook.com
2,yahoo.com
3,google.com
1,facebook.com
2,yahoo.com
3,google.com
1,facebook.com
2,yahoo.com
3,google.com
1,facebook.com
2,yahoo.com
3,google.com
1,facebook.com
2,yahoo.com
3,google.com
1,facebook.com
2,yahoo.com
3,google.com
1,facebook.com
2,yahoo.com
3,google.com
1,facebook.com
2,yahoo.com
3,google.com
1,facebook.com
2,yahoo.com
3,google.com
1,facebook.com
2,yahoo.com
3,google.com
1,facebook.com
2,yahoo.com
3,google.com
1,facebook.com
2,yahoo.com
3,google.com
1,facebook.com
2,yahoo.com
3,google.com
1,facebook.com
2,yahoo.com
3,google.com
1,facebook.com
2,yahoo.com
3,google.com
1,facebook.com
2,yahoo.com
3,google.com
1,facebook.com
2,yahoo.com
3,google.com
1,facebook.com
2,yahoo.com
3,google.com
1,facebook.com
2,yahoo.com
3,google.com
1,facebook.com
2,yahoo.com
3,google.com
1,facebook.com
2,yahoo.com
3,google.com
1,facebook.com
2,yahoo.com
3,google.com
1,facebook.com
2,yahoo.com
3,google.com
1,facebook.com
2,yahoo.com
3,google.com
1,facebook.com
2,yahoo.com
3,google.com
1,facebook.com
2,yahoo.com
3,google.com
1,facebook.com
2,yahoo.com
3,google.com
1,facebook.com
2,yahoo.com
3,google.com
1,facebook.com
2,yahoo.com
3,google.com
1,facebook.com
2,yahoo.com
3,google.com
1,facebook.com
2,yahoo.com
3,google.com
1,facebook.com
2,yahoo.com
3,google.com
1,facebook.com
2,yahoo.com
3,google.com
1,facebook.com
2,yahoo.com
3,google.com
1,facebook.com
2,yahoo.com
3,google.com
1,facebook.com
2,yahoo.com
3,google.com
1,facebook.com
2,yahoo.com
3,google.com
1,facebook.com
2,yahoo.com
3,google.com
1,facebook.com
2,yahoo.com
3,google.com
1,facebook.com
2,yahoo.com
3,google.com
1,facebook.com
2,yahoo.com
3,google.com
1,facebook.com
2,yahoo.com
3,google.com
1,facebook.com
2,yahoo.com
3,google.com
1,facebook.com
2,yahoo.com
3,google.com
1,facebook.com
2,yahoo.com
3,google.com
1,facebook.com
2,yahoo.com
3,google.com
1,facebook.com
2,yahoo.com
3,google.com
1,facebook.com
2,yahoo.com
3,google.com
1,facebook.com
2,yahoo.com
3,google.com
1,facebook.com
2,yahoo.com
3,google.com
1,facebook.com
2,yahoo.com
3,google.com
1,facebook.com
2,yahoo.com
3,google.com
1,facebook.com
2,yahoo.com
3,google.com
1,facebook.com
2,yahoo.com
3,google.com
1,facebook.com
2,yahoo.com
3,google.com
1,facebook.com
2,yahoo.com
3,google.com
1,facebook.com
2,yahoo.com
3,google.com
1,facebook.com
2,yahoo.com
3,google.com
1,facebook.com
2,yahoo.com
3,google.com
1,facebook.com
2,yahoo.com
3,google.com
1,facebook.com
2,yahoo.com
3,google.com
1,facebook.com
2,yahoo.com
3,google.com
1,facebook.com
2,yahoo.com
3,google.com
1,facebook.com
2,yahoo.com
3,google.com
1,facebook.com
2,yahoo.com
3,google.com
1,facebook.com
2,yahoo.com
3,google.com
1,facebook.com
2,yahoo.com
3,google.com
1,facebook.com
2,yahoo.com
3,google.com
1,facebook.com
2,yahoo.com
3,google.com
1,facebook.com
2,yahoo.com
3,google.com
1,facebook.com
2,yahoo.com
3,google.com
1,facebook.com
2,yahoo.com
3,google.com
1,facebook.com
2,yahoo.com
3,google.com
1,facebook.com
2,yahoo.com
3,google.com
1,facebook.com
2,yahoo.com
3,google.com
1,facebook.com
2,yahoo.com
3,google.com
1,facebook.com
2,yahoo.com
3,google.com
1,facebook.com
2,yahoo.com
3,google.com
1,facebook.com
2,yahoo.com
3,google.com
1,facebook.com
2,yahoo.com
3,google.com
1,facebook.com
2,yahoo.com
3,google.com
1,facebook.com
2,yahoo.com
3,google.com
1,facebook.com
2,yahoo.com
3,google.com
1,facebook.com
2,yahoo.com
3,google.com
1,facebook.com
2,yahoo.com
3,google.com
1,facebook.com
2,yahoo.com
3,google.com
1,facebook.com
2,yahoo.com
3,google.com
1,facebook.com
2,yahoo.com
3,google.com
1,facebook.com
2,yahoo.com
3,google.com
1,facebook.com
2,yahoo.com
3,google.com
1,facebook.com
2,yahoo.com
3,google.com
1,facebook.com
2,yahoo.com
3,google.com
1,facebook.com
2,yahoo.com
3,google.com
1,facebook.com
2,yahoo.com
3,google.com
1,facebook.com
2,yahoo.com
3,google.com
1,facebook.com
2,yahoo.com
3,google.com
1,facebook.com
2,yahoo.com
3,google.com
1,facebook.com
2,yahoo.com
3,google.com
1,facebook.com
2,yahoo.com
3,google.com
1,facebook.com
2,yahoo.com
3,google.com
1,facebook.com
2,yahoo.com
3,google.com
1,facebook.com
2,yahoo.com
3,google.com
1,facebook.com
2,yahoo.com
3,google.com
1,facebook.com
2,yahoo.com
3,google.com
1,facebook.com
2,yahoo.com
3,google.com
1,facebook.com
2,yahoo.com
3,google.com
1,facebook.com
2,yahoo.com
3,google.com
1,facebook.com
2,yahoo.com
3,google.com
1,facebook.com
2,yahoo.com
3,google.com
1,facebook.com
2,yahoo.com
3,google.com
1,facebook.com
2,yahoo.com
3,google.com
1,facebook.com
2,yahoo.com
3,google.com
1,facebook.com
2,yahoo.com
3,google.com
1,facebook.com
2,yahoo.com
3,google.com
1,facebook.com
2,yahoo.com
3,google.com
1,facebook.com
2,yahoo.com
3,google.com
1,facebook.com
2,yahoo.com
3,google.com
1,facebook.com
2,yahoo.com
3,google.com
1,facebook.com
2,yahoo.com
3,google.com
1,facebook.com
2,yahoo.com
3,google.com
1,facebook.com
2,yahoo.com
3,google.com
1,facebook.com
2,yahoo.com
3,google.com
1,facebook.com
2,yahoo.com
3,google.com
1,facebook.com
2,yahoo.com
3,google.com
1,facebook.com
2,yahoo.com
3,google.com
1,facebook.com
2,yahoo.com
3,google.com
1,facebook.com
2,yahoo.com
3,google.com
1,facebook.com
2,yahoo.com
3,google.com
1,facebook.com
2,yahoo.com
3,google.com
1,facebook.com
2,yahoo.com
3,google.com
1,facebook.com
2,yahoo.com
3,google.com
1,facebook.com
2,yahoo.com
3,google.com
1,facebook.com
2,yahoo.com
3,google.com
1,facebook.com
2,yahoo.com
3,google.com
1,facebook.com
2,yahoo.com
3,google.com
1,facebook.com
2,yahoo.com
3,google.com
1,facebook.com
2,yahoo.com
3,google.com
1,facebook.com
2,yahoo.com
3,google.com
1,facebook.com
2,yahoo.com
3,google.com
1,facebook.com
2,yahoo.com
3,google.com
1,facebook.com
2,yahoo.com
3,google.com
1,facebook.com
2,yahoo.com
3,google.com
1,facebook.com
2,yahoo.com
3,google.com
1,facebook.com
2,yahoo.com
3,google.com
1,facebook.com
2,yahoo.com
3,google.com
1,facebook.com
2,yahoo.com
3,google.com
1,facebook.com
2,yahoo.com
3,google.com
1,facebook.com
2,yahoo.com
3,google.com
1,facebook.com
2,yahoo.com
3,google.com
1,facebook.com
2,yahoo.com
3,google.com
1,facebook.com
2,yahoo.com
3,google.com
1,facebook.com
2,yahoo.com
3,google.com
1,facebook.com
2,yahoo.com
3,google.com
1,facebook.com
2,yahoo.com
3,google.com
1,facebook.com
2,yahoo.com
3,google.com
1,facebook.com
2,yahoo.com
3,google.com
1,facebook.com
2,yahoo.com
3,google.com
1,facebook.com
2,yahoo.com
3,google.com
1,facebook.com
2,yahoo.com
3,google.com
1,facebook.com
2,yahoo.com
3,google.com
1,facebook.com
2,yahoo.com
3,google.com
1,facebook.com
2,yahoo.com
3,google.com
1,facebook.com
2,yahoo.com
3,google.com
1,facebook.com
2,yahoo.com
3,google.com
1,facebook.com
2,yahoo.com
3,google.com
1,facebook.com
2,yahoo.com
3,google.com
1,facebook.com
2,yahoo.com
3,google.com
1,facebook.com
2,yahoo.com
3,google.com
1,facebook.com
2,yahoo.com
3,google.com
1,facebook.com
2,yahoo.com
3,google.com
1,facebook.com
2,yahoo.com
3,google.com
1,facebook.com
2,yahoo.com
3,google.com
1,facebook.com
2,yahoo.com
3,google.com
1,facebook.com
2,yahoo.com
3,google.com
1,facebook.com
2,yahoo.com
3,google.com
1,facebook.com
2,yahoo.com
3,google.com
1,facebook.com
2,yahoo.com
3,google.com
1,facebook.com
2,yahoo.com
3,google.com
1,facebook.com
2,yahoo.com
3,google.com
1,facebook.com
2,yahoo.com
3,google.com
1,facebook.com
2,yahoo.com
3,google.com
1,facebook.com
2,yahoo.com
3,google.com
1,facebook.com
2,yahoo.com
3,google.com
1,facebook.com
2,yahoo.com
3,google.com
1,facebook.com
2,yahoo.com
3,google.com
1,facebook.com
2,yahoo.com
3,google.com
1,facebook.com
2,yahoo.com
3,google.com
1,facebook.com
2,yahoo.com
3,google.com
1,facebook.com
2,yahoo.com
3,google.com
1,facebook.com
2,yahoo.com
3,google.com
1,facebook.com
2,yahoo.com
3,google.com
1,facebook.com
2,yahoo.com
3,google.com
1,facebook.com
2,yahoo.com
3,google.com
1,facebook.com
2,yahoo.com
3,google.com
1,facebook.com
2,yahoo.com
3,google.com
1,facebook.com
2,yahoo.com
3,google.com
1,facebook.com
2,yahoo.com
3,google.com
1,facebook.com
2,yahoo.com
3,google.com
1,facebook.com
2,yahoo.com
3,google.com
1,facebook.com
2,yahoo.com
3,google.com
1,facebook.com
2,yahoo.com
3,google.com
1,facebook.com
2,yahoo.com
3,google.com
1,facebook.com
2,yahoo.com
3,google.com
1,facebook.com
2,yahoo.com
3,google.com
1,facebook.com
2,yahoo.com
3,google.com
1,facebook.com
2,yahoo.com
3,google.com
1,facebook.com
2,yahoo.com
3,google.com
1,facebook.com
2,yahoo.com
3,google.com
1,facebook.com
2,yahoo.com
3,google.com
1,facebook.com
2,yahoo.com
3,google.com
1,facebook.com
2,yahoo.com
3,google.com
1,facebook.com
2,yahoo.com
3,google.com
1,facebook.com
2,yahoo.com
3,google.com
1,facebook.com
2,yahoo.com
3,google.com
1,facebook.com
2,yahoo.com
3,google.com
1,facebook.com
2,yahoo.com
3,google.com
1,facebook.com
2,yahoo.com
3,google.com
1,facebook.com
2,yahoo.com
3,google.com
1,facebook.com
2,yahoo.com
3,google.com
1,facebook.com
2,yahoo.com
3,google.com
1,facebook.com
2,yahoo.com
3,google.com
1,facebook.com
2,yahoo.com
3,google.com
1,facebook.com
2,yahoo.com
3,google.com
1,facebook.com
2,yahoo.com
3,google.com
1,facebook.com
2,yahoo.com
3,google.com
1,facebook.com
2,yahoo.com
3,google.com
1,facebook.com
2,yahoo.com
3,google.com
1,facebook.com
2,yahoo.com
3,google.com
1,facebook.com
2,yahoo.com
3,google.com
1,facebook.com
2,yahoo.com
3,google.com
1,facebook.com
2,yahoo.com
3,google.com
1,facebook.com
2,yahoo.com
3,google.com
1,facebook.com
2,yahoo.com
3,google.com
1,facebook.com
2,yahoo.com
3,google.com
1,facebook.com
2,yahoo.com
3,google.com
1,facebook.com
2,yahoo.com
3,google.com
1,facebook.com
2,yahoo.com
3,google.com
1,facebook.com
2,yahoo.com
3,google.com
1,facebook.com
2,yahoo.com
3,google.com
1,facebook.com
2,yahoo.com
3,google.com
1,facebook.com
2,yahoo.com
3,google.com
1,facebook.com
2,yahoo.com
3,google.com
1,facebook.com
2,yahoo.com
3,google.com
1,facebook.com
2,yahoo.com
3,google.com
1,facebook.com
2,yahoo.com
3,google.com