2,yahoo.com
2,yahoo.com
2,yahoo.com
2,yahoo.com
2,yahoo.com
1,facebook.com
1,facebook.com
1,facebook.com
1,facebook.com
1,facebook.com
3,google.com
3,google.com
3,google.com
3,google.com
3,google.com
2,yahoo.com
2,yahoo.com
2,yahoo.com
2,yahoo.com
2,yahoo.com
1,facebook.com
1,facebook.com
1,facebook.com
1,facebook.com
1,facebook.com
3,google.com
3,google.com
3,google.com
3,google.com
3,google.com
2,yahoo.com
2,yahoo.com
2,yahoo.com
2,yahoo.com
2,yahoo.com
1,facebook.com
1,facebook.com
1,facebook.com
1,facebook.com
1,facebook.com
3,google.com
3,google.com
3,google.com
3,google.com
3,google.com
2,yahoo.com
2,yahoo.com
2,yahoo.com
2,yahoo.com
2,yahoo.com
1,facebook.com
1,facebook.com
1,facebook.com
1,facebook.com
1,facebook.com
3,google.com
3,google.com
3,google.com
3,google.com
3,google.com
2,yahoo.com
2,yahoo.com
2,yahoo.com
2,yahoo.com
2,yahoo.com
1,facebook.com
1,facebook.com
1,facebook.com
1,facebook.com
1,facebook.com
3,google.com
3,google.com
3,google.com
3,google.com
3,google.com
2,yahoo.com
2,yahoo.com
2,yahoo.com
2,yahoo.com
2,yahoo.com
1,facebook.com
1,facebook.com
1,facebook.com
1,facebook.com
1,facebook.com
3,google.com
3,google.com
3,google.com
3,google.com
3,google.com
2,yahoo.com
2,yahoo.com
2,yahoo.com
2,yahoo.com
2,yahoo.com
1,facebook.com
1,facebook.com
1,facebook.com
1,facebook.com
1,facebook.com
3,google.com
3,google.com
3,google.com
3,google.com
3,google.com
2,yahoo.com
2,yahoo.com
2,yahoo.com
2,yahoo.com
2,yahoo.com
1,facebook.com
1,facebook.com
1,facebook.com
1,facebook.com
1,facebook.com
3,google.com
3,google.com
3,google.com
3,google.com
3,google.com
2,yahoo.com
2,yahoo.com
2,yahoo.com
2,yahoo.com
2,yahoo.com
1,facebook.com
1,facebook.com
1,facebook.com
1,facebook.com
1,facebook.com
3,google.com
3,google.com
3,google.com
3,google.com
3,google.com
2,yahoo.com
2,yahoo.com
2,yahoo.com
2,yahoo.com
2,yahoo.com
1,facebook.com
1,facebook.com
1,facebook.com
1,facebook.com
1,facebook.com
3,google.com
3,google.com
3,google.com
3,google.com
3,google.com
2,yahoo.com
2,yahoo.com
2,yahoo.com
2,yahoo.com
2,yahoo.com
1,facebook.com
1,facebook.com
1,facebook.com
1,facebook.com
1,facebook.com
3,google.com
3,google.com
3,google.com
3,google.com
3,google.com
2,yahoo.com
2,yahoo.com
2,yahoo.com
2,yahoo.com
2,yahoo.com
1,facebook.com
1,facebook.com
1,facebook.com
1,facebook.com
1,facebook.com
3,google.com
3,google.com
3,google.com
3,google.com
3,google.com
2,yahoo.com
2,yahoo.com
2,yahoo.com
2,yahoo.com
2,yahoo.com
1,facebook.com
1,facebook.com
1,facebook.com
1,facebook.com
1,facebook.com
3,google.com
3,google.com
3,google.com
3,google.com
3,google.com
2,yahoo.com
2,yahoo.com
2,yahoo.com
2,yahoo.com
2,yahoo.com
1,facebook.com
1,facebook.com
1,facebook.com
1,facebook.com
1,facebook.com
3,google.com
3,google.com
3,google.com
3,google.com
3,google.com
2,yahoo.com
2,yahoo.com
2,yahoo.com
2,yahoo.com
2,yahoo.com
1,facebook.com
1,facebook.com
1,facebook.com
1,facebook.com
1,facebook.com
3,google.com
3,google.com
3,google.com
3,google.com
3,google.com
2,yahoo.com
2,yahoo.com
2,yahoo.com
2,yahoo.com
2,yahoo.com
1,facebook.com
1,facebook.com
1,facebook.com
1,facebook.com
1,facebook.com
3,google.com
3,google.com
3,google.com
3,google.com
3,google.com
2,yahoo.com
2,yahoo.com
2,yahoo.com
2,yahoo.com
2,yahoo.com
1,facebook.com
1,facebook.com
1,facebook.com
1,facebook.com
1,facebook.com
3,google.com
3,google.com
3,google.com
3,google.com
3,google.com
2,yahoo.com
2,yahoo.com
2,yahoo.com
2,yahoo.com
2,yahoo.com
1,facebook.com
1,facebook.com
1,facebook.com
1,facebook.com
1,facebook.com
3,google.com
3,google.com
3,google.com
3,google.com
3,google.com
2,yahoo.com
2,yahoo.com
2,yahoo.com
2,yahoo.com
2,yahoo.com
1,facebook.com
1,facebook.com
1,facebook.com
1,facebook.com
1,facebook.com
3,google.com
3,google.com
3,google.com
3,google.com
3,google.com
2,yahoo.com
2,yahoo.com
2,yahoo.com
2,yahoo.com
2,yahoo.com
1,facebook.com
1,facebook.com
1,facebook.com
1,facebook.com
1,facebook.com
3,google.com
3,google.com
3,google.com
3,google.com
3,google.com
2,yahoo.com
2,yahoo.com
2,yahoo.com
2,yahoo.com
2,yahoo.com
1,facebook.com
1,facebook.com
1,facebook.com
1,facebook.com
1,facebook.com
3,google.com
3,google.com
3,google.com
3,google.com
3,google.com
2,yahoo.com
2,yahoo.com
2,yahoo.com
2,yahoo.com
2,yahoo.com
1,facebook.com
1,facebook.com
1,facebook.com
1,facebook.com
1,facebook.com
3,google.com
3,google.com
3,google.com
3,google.com
3,google.com
2,yahoo.com
2,yahoo.com
2,yahoo.com
2,yahoo.com
2,yahoo.com
1,facebook.com
1,facebook.com
1,facebook.com
1,facebook.com
1,facebook.com
3,google.com
3,google.com
3,google.com
3,google.com
3,google.com
2,yahoo.com
2,yahoo.com
2,yahoo.com
2,yahoo.com
2,yahoo.com
1,facebook.com
1,facebook.com
1,facebook.com
1,facebook.com
1,facebook.com
3,google.com
3,google.com
3,google.com
3,google.com
3,google.com
2,yahoo.com
2,yahoo.com
2,yahoo.com
2,yahoo.com
2,yahoo.com
1,facebook.com
1,facebook.com
1,facebook.com
1,facebook.com
1,facebook.com
3,google.com
3,google.com
3,google.com
3,google.com
3,google.com
2,yahoo.com
2,yahoo.com
2,yahoo.com
2,yahoo.com
2,yahoo.com
1,facebook.com
1,facebook.com
1,facebook.com
1,facebook.com
1,facebook.com
3,google.com
3,google.com
3,google.com
3,google.com
3,google.com
2,yahoo.com
2,yahoo.com
2,yahoo.com
2,yahoo.com
2,yahoo.com
1,facebook.com
1,facebook.com
1,facebook.com
1,facebook.com
1,facebook.com
3,google.com
3,google.com
3,google.com
3,google.com
3,google.com
2,yahoo.com
2,yahoo.com
2,yahoo.com
2,yahoo.com
2,yahoo.com
1,facebook.com
1,facebook.com
1,facebook.com
1,facebook.com
1,facebook.com
3,google.com
3,google.com
3,google.com
3,google.com
3,google.com
2,yahoo.com
2,yahoo.com
2,yahoo.com
2,yahoo.com
2,yahoo.com
1,facebook.com
1,facebook.com
1,facebook.com
1,facebook.com
1,facebook.com
3,google.com
3,google.com
3,google.com
3,google.com
3,google.com
2,yahoo.com
2,yahoo.com
2,yahoo.com
2,yahoo.com
2,yahoo.com
1,facebook.com
1,facebook.com
1,facebook.com
1,facebook.com
1,facebook.com
3,google.com
3,google.com
3,google.com
3,google.com
3,google.com
2,yahoo.com
2,yahoo.com
2,yahoo.com
2,yahoo.com
2,yahoo.com
1,facebook.com
1,facebook.com
1,facebook.com
1,facebook.com
1,facebook.com
3,google.com
3,google.com
3,google.com
3,google.com
3,google.com
2,yahoo.com
2,yahoo.com
2,yahoo.com
2,yahoo.com
2,yahoo.com
1,facebook.com
1,facebook.com
1,facebook.com
1,facebook.com
1,facebook.com
3,google.com
3,google.com
3,google.com
3,google.com
3,google.com
2,yahoo.com
2,yahoo.com
2,yahoo.com
2,yahoo.com
2,yahoo.com
1,facebook.com
1,facebook.com
1,facebook.com
1,facebook.com
1,facebook.com
3,google.com
3,google.com
3,google.com
3,google.com
3,google.com
2,yahoo.com
2,yahoo.com
2,yahoo.com
2,yahoo.com
2,yahoo.com
1,facebook.com
1,facebook.com
1,facebook.com
1,facebook.com
1,facebook.com
3,google.com
3,google.com
3,google.com
3,google.com
3,google.com
2,yahoo.com
2,yahoo.com
2,yahoo.com
2,yahoo.com
2,yahoo.com
1,facebook.com
1,facebook.com
1,facebook.com
1,facebook.com
1,facebook.com
3,google.com
3,google.com
3,google.com
3,google.com
3,google.com
2,yahoo.com
2,yahoo.com
2,yahoo.com
2,yahoo.com
2,yahoo.com
1,facebook.com
1,facebook.com
1,facebook.com
1,facebook.com
1,facebook.com
3,google.com
3,google.com
3,google.com
3,google.com
3,google.com
2,yahoo.com
2,yahoo.com
2,yahoo.com
2,yahoo.com
2,yahoo.com
1,facebook.com
1,facebook.com
1,facebook.com
1,facebook.com
1,facebook.com
3,google.com
3,google.com
3,google.com
3,google.com
3,google.com
2,yahoo.com
2,yahoo.com
2,yahoo.com
2,yahoo.com
2,yahoo.com
1,facebook.com
1,facebook.com
1,facebook.com
1,facebook.com
1,facebook.com
3,google.com
3,google.com
3,google.com
3,google.com
3,google.com
2,yahoo.com
2,yahoo.com
2,yahoo.com
2,yahoo.com
2,yahoo.com
1,facebook.com
1,facebook.com
1,facebook.com
1,facebook.com
1,facebook.com
3,google.com
3,google.com
3,google.com
3,google.com
3,google.com
2,yahoo.com
2,yahoo.com
2,yahoo.com
2,yahoo.com
2,yahoo.com
1,facebook.com
1,facebook.com
1,facebook.com
1,facebook.com
1,facebook.com
3,google.com
3,google.com
3,google.com
3,google.com
3,google.com
2,yahoo.com
2,yahoo.com
2,yahoo.com
2,yahoo.com
2,yahoo.com
1,facebook.com
1,facebook.com
1,facebook.com
1,facebook.com
1,facebook.com
3,google.com
3,google.com
3,google.com
3,google.com
3,google.com
2,yahoo.com
2,yahoo.com
2,yahoo.com
2,yahoo.com
2,yahoo.com
1,facebook.com
1,facebook.com
1,facebook.com
1,facebook.com
1,facebook.com
3,google.com
3,google.com
3,google.com
3,google.com
3,google.com
2,yahoo.com
2,yahoo.com
2,yahoo.com
2,yahoo.com
2,yahoo.com
1,facebook.com
1,facebook.com
1,facebook.com
1,facebook.com
1,facebook.com
3,google.com
3,google.com
3,google.com
3,google.com
3,google.com
2,yahoo.com
2,yahoo.com
2,yahoo.com
2,yahoo.com
2,yahoo.com
1,facebook.com
1,facebook.com
1,facebook.com
1,facebook.com
1,facebook.com
3,google.com
3,google.com
3,google.com
3,google.com
3,google.com
2,yahoo.com
2,yahoo.com
2,yahoo.com
2,yahoo.com
2,yahoo.com
1,facebook.com
1,facebook.com
1,facebook.com
1,facebook.com
1,facebook.com
3,google.com
3,google.com
3,google.com
3,google.com
3,google.com
2,yahoo.com
2,yahoo.com
2,yahoo.com
2,yahoo.com
2,yahoo.com
1,facebook.com
1,facebook.com
1,facebook.com
1,facebook.com
1,facebook.com
3,google.com
3,google.com
3,google.com
3,google.com
3,google.com
2,yahoo.com
2,yahoo.com
2,yahoo.com
2,yahoo.com
2,yahoo.com
1,facebook.com
1,facebook.com
1,facebook.com
1,facebook.com
1,facebook.com
3,google.com
3,google.com
3,google.com
3,google.com
3,google.com
2,yahoo.com
2,yahoo.com
2,yahoo.com
2,yahoo.com
2,yahoo.com
1,facebook.com
1,facebook.com
1,facebook.com
1,facebook.com
1,facebook.com
3,google.com
3,google.com
3,google.com
3,google.com
3,google.com
2,yahoo.com
2,yahoo.com
2,yahoo.com
2,yahoo.com
2,yahoo.com
1,facebook.com
1,facebook.com
1,facebook.com
1,facebook.com
1,facebook.com
3,google.com
3,google.com
3,google.com
3,google.com
3,google.com
2,yahoo.com
2,yahoo.com
2,yahoo.com
2,yahoo.com
2,yahoo.com
1,facebook.com
1,facebook.com
1,facebook.com
1,facebook.com
1,facebook.com
3,google.com
3,google.com
3,google.com
3,google.com
3,google.com
2,yahoo.com
2,yahoo.com
2,yahoo.com
2,yahoo.com
2,yahoo.com
1,facebook.com
1,facebook.com
1,facebook.com
1,facebook.com
1,facebook.com
3,google.com
3,google.com
3,google.com
3,google.com
3,google.com
2,yahoo.com
2,yahoo.com
2,yahoo.com
2,yahoo.com
2,yahoo.com
1,facebook.com
1,facebook.com
1,facebook.com
1,facebook.com
1,facebook.com
3,google.com
3,google.com
3,google.com
3,google.com
3,google.com
2,yahoo.com
2,yahoo.com
2,yahoo.com
2,yahoo.com
2,yahoo.com
1,facebook.com
1,facebook.com
1,facebook.com
1,facebook.com
1,facebook.com
3,google.com
3,google.com
3,google.com
3,google.com
3,google.com
2,yahoo.com
2,yahoo.com
2,yahoo.com
2,yahoo.com
2,yahoo.com
1,facebook.com
1,facebook.com
1,facebook.com
1,facebook.com
1,facebook.com
3,google.com
3,google.com
3,google.com
3,google.com
3,google.com
2,yahoo.com
2,yahoo.com
2,yahoo.com
2,yahoo.com
2,yahoo.com
1,facebook.com
1,facebook.com
1,facebook.com
1,facebook.com
1,facebook.com
3,google.com
3,google.com
3,google.com
3,google.com
3,google.com
2,yahoo.com
2,yahoo.com
2,yahoo.com
2,yahoo.com
2,yahoo.com
1,facebook.com
1,facebook.com
1,facebook.com
1,facebook.com
1,facebook.com
3,google.com
3,google.com
3,google.com
3,google.com
3,google.com
2,yahoo.com
2,yahoo.com
2,yahoo.com
2,yahoo.com
2,yahoo.com
1,facebook.com
1,facebook.com
1,facebook.com
1,facebook.com
1,facebook.com
3,google.com
3,google.com
3,google.com
3,google.com
3,google.com
2,yahoo.com
2,yahoo.com
2,yahoo.com
2,yahoo.com
2,yahoo.com
1,facebook.com
1,facebook.com
1,facebook.com
1,facebook.com
1,facebook.com
3,google.com
3,google.com
3,google.com
3,google.com
3,google.com
2,yahoo.com
2,yahoo.com
2,yahoo.com
2,yahoo.com
2,yahoo.com
1,facebook.com
1,facebook.com
1,facebook.com
1,facebook.com
1,facebook.com
3,google.com
3,google.com
3,google.com
3,google.com
3,google.com
2,yahoo.com
2,yahoo.com
2,yahoo.com
2,yahoo.com
2,yahoo.com
1,facebook.com
1,facebook.com
1,facebook.com
1,facebook.com
1,facebook.com
3,google.com
3,google.com
3,google.com
3,google.com
3,google.com
2,yahoo.com
2,yahoo.com
2,yahoo.com
2,yahoo.com
2,yahoo.com
1,facebook.com
1,facebook.com
1,facebook.com
1,facebook.com
1,facebook.com
3,google.com
3,google.com
3,google.com
3,google.com
3,google.com
2,yahoo.com
2,yahoo.com
2,yahoo.com
2,yahoo.com
2,yahoo.com
1,facebook.com
1,facebook.com
1,facebook.com
1,facebook.com
1,facebook.com
3,google.com
3,google.com
3,google.com
3,google.com
3,google.com
2,yahoo.com
2,yahoo.com
2,yahoo.com
2,yahoo.com
2,yahoo.com
1,facebook.com
1,facebook.com
1,facebook.com
1,facebook.com
1,facebook.com
3,google.com
3,google.com
3,google.com
3,google.com
3,google.com
2,yahoo.com
2,yahoo.com
2,yahoo.com
2,yahoo.com
2,yahoo.com
1,facebook.com
1,facebook.com
1,facebook.com
1,facebook.com
1,facebook.com
3,google.com
3,google.com
3,google.com
3,google.com
3,google.com
2,yahoo.com
2,yahoo.com
2,yahoo.com
2,yahoo.com
2,yahoo.com
1,facebook.com
1,facebook.com
1,facebook.com
1,facebook.com
1,facebook.com
3,google.com
3,google.com
3,google.com
3,google.com
3,google.com
2,yahoo.com
2,yahoo.com
2,yahoo.com
2,yahoo.com
2,yahoo.com
1,facebook.com
1,facebook.com
1,facebook.com
1,facebook.com
1,facebook.com
3,google.com
3,google.com
3,google.com
3,google.com
3,google.com
2,yahoo.com
2,yahoo.com
2,yahoo.com
2,yahoo.com
2,yahoo.com
1,facebook.com
1,facebook.com
1,facebook.com
1,facebook.com
1,facebook.com
3,google.com
3,google.com
3,google.com
3,google.com
3,google.com
2,yahoo.com
2,yahoo.com
2,yahoo.com
2,yahoo.com
2,yahoo.com
1,facebook.com
1,facebook.com
1,facebook.com
1,facebook.com
1,facebook.com
3,google.com
3,google.com
3,google.com
3,google.com
3,google.com
2,yahoo.com
2,yahoo.com
2,yahoo.com
2,yahoo.com
2,yahoo.com
1,facebook.com
1,facebook.com
1,facebook.com
1,facebook.com
1,facebook.com
3,google.com
3,google.com
3,google.com
3,google.com
3,google.com
2,yahoo.com
2,yahoo.com
2,yahoo.com
2,yahoo.com
2,yahoo.com
1,facebook.com
1,facebook.com
1,facebook.com
1,facebook.com
1,facebook.com
3,google.com
3,google.com
3,google.com
3,google.com
3,google.com
2,yahoo.com
2,yahoo.com
2,yahoo.com
2,yahoo.com
2,yahoo.com
1,facebook.com
1,facebook.com
1,facebook.com
1,facebook.com
1,facebook.com
3,google.com
3,google.com
3,google.com
3,google.com
3,google.com
2,yahoo.com
2,yahoo.com
2,yahoo.com
2,yahoo.com
2,yahoo.com
1,facebook.com
1,facebook.com
1,facebook.com
1,facebook.com
1,facebook.com
3,google.com
3,google.com
3,google.com
3,google.com
3,google.com
2,yahoo.com
2,yahoo.com
2,yahoo.com
2,yahoo.com
2,yahoo.com
1,facebook.com
1,facebook.com
1,facebook.com
1,facebook.com
1,facebook.com
3,google.com
3,google.com
3,google.com
3,google.com
3,google.com
2,yahoo.com
2,yahoo.com
2,yahoo.com
2,yahoo.com
2,yahoo.com
1,facebook.com
1,facebook.com
1,facebook.com
1,facebook.com
1,facebook.com
3,google.com
3,google.com
3,google.com
3,google.com
3,google.com
2,yahoo.com
2,yahoo.com
2,yahoo.com
2,yahoo.com
2,yahoo.com
1,facebook.com
1,facebook.com
1,facebook.com
1,facebook.com
1,facebook.com
3,google.com
3,google.com
3,google.com
3,google.com
3,google.com
2,yahoo.com
2,yahoo.com
2,yahoo.com
2,yahoo.com
2,yahoo.com
1,facebook.com
1,facebook.com
1,facebook.com
1,facebook.com
1,facebook.com
3,google.com
3,google.com
3,google.com
3,google.com
3,google.com
2,yahoo.com
2,yahoo.com
2,yahoo.com
2,yahoo.com
2,yahoo.com
1,facebook.com
1,facebook.com
1,facebook.com
1,facebook.com
1,facebook.com
3,google.com
3,google.com
3,google.com
3,google.com
3,google.com
2,yahoo.com
2,yahoo.com
2,yahoo.com
2,yahoo.com
2,yahoo.com
1,facebook.com
1,facebook.com
1,facebook.com
1,facebook.com
1,facebook.com
3,google.com
3,google.com
3,google.com
3,google.com
3,google.com
2,yahoo.com
2,yahoo.com
2,yahoo.com
2,yahoo.com
2,yahoo.com
1,facebook.com
1,facebook.com
1,facebook.com
1,facebook.com
1,facebook.com
3,google.com
3,google.com
3,google.com
3,google.com
3,google.com
2,yahoo.com
2,yahoo.com
2,yahoo.com
2,yahoo.com
2,yahoo.com
1,facebook.com
1,facebook.com
1,facebook.com
1,facebook.com
1,facebook.com
3,google.com
3,google.com
3,google.com
3,google.com
3,google.com
2,yahoo.com
2,yahoo.com
2,yahoo.com
2,yahoo.com
2,yahoo.com
1,facebook.com
1,facebook.com
1,facebook.com
1,facebook.com
1,facebook.com
3,google.com
3,google.com
3,google.com
3,google.com
3,google.com
2,yahoo.com
2,yahoo.com
2,yahoo.com
2,yahoo.com
2,yahoo.com
1,facebook.com
1,facebook.com
1,facebook.com
1,facebook.com
1,facebook.com
3,google.com
3,google.com
3,google.com
3,google.com
3,google.com
2,yahoo.com
2,yahoo.com
2,yahoo.com
2,yahoo.com
2,yahoo.com
1,facebook.com
1,facebook.com
1,facebook.com
1,facebook.com
1,facebook.com
3,google.com
3,google.com
3,google.com
3,google.com
3,google.com
2,yahoo.com
2,yahoo.com
2,yahoo.com
2,yahoo.com
2,yahoo.com
1,facebook.com
1,facebook.com
1,facebook.com
1,facebook.com
1,facebook.com
3,google.com
3,google.com
3,google.com
3,google.com
3,google.com
2,yahoo.com
2,yahoo.com
2,yahoo.com
2,yahoo.com
2,yahoo.com
1,facebook.com
1,facebook.com
1,facebook.com
1,facebook.com
1,facebook.com
3,google.com
3,google.com
3,google.com
3,google.com
3,google.com
2,yahoo.com
2,yahoo.com
2,yahoo.com
2,yahoo.com
2,yahoo.com
1,facebook.com
1,facebook.com
1,facebook.com
1,facebook.com
1,facebook.com
3,google.com
3,google.com
3,google.com
3,google.com
3,google.com
2,yahoo.com
2,yahoo.com
2,yahoo.com
2,yahoo.com
2,yahoo.com
1,facebook.com
1,facebook.com
1,facebook.com
1,facebook.com
1,facebook.com
3,google.com
3,google.com
3,google.com
3,google.com
3,google.com
2,yahoo.com
2,yahoo.com
2,yahoo.com
2,yahoo.com
2,yahoo.com
1,facebook.com
1,facebook.com
1,facebook.com
1,facebook.com
1,facebook.com
3,google.com
3,google.com
3,google.com
3,google.com
3,google.com
2,yahoo.com
2,yahoo.com
2,yahoo.com
2,yahoo.com
2,yahoo.com
1,facebook.com
1,facebook.com
1,facebook.com
1,facebook.com
1,facebook.com
3,google.com
3,google.com
3,google.com
3,google.com
3,google.com
2,yahoo.com
2,yahoo.com
2,yahoo.com
2,yahoo.com
2,yahoo.com
1,facebook.com
1,facebook.com
1,facebook.com
1,facebook.com
1,facebook.com
3,google.com
3,google.com
3,google.com
3,google.com
3,google.com
2,yahoo.com
2,yahoo.com
2,yahoo.com
2,yahoo.com
2,yahoo.com
1,facebook.com
1,facebook.com
1,facebook.com
1,facebook.com
1,facebook.com
3,google.com
3,google.com
3,google.com
3,google.com
3,google.com
2,yahoo.com
2,yahoo.com
2,yahoo.com
2,yahoo.com
2,yahoo.com
1,facebook.com
1,facebook.com
1,facebook.com
1,facebook.com
1,facebook.com
3,google.com
3,google.com
3,google.com
3,google.com
3,google.com
2,yahoo.com
2,yahoo.com
2,yahoo.com
2,yahoo.com
2,yahoo.com
1,facebook.com
1,facebook.com
1,facebook.com
1,facebook.com
1,facebook.com
3,google.com
3,google.com
3,google.com
3,google.com
3,google.com
2,yahoo.com
2,yahoo.com
2,yahoo.com
2,yahoo.com
2,yahoo.com
1,facebook.com
1,facebook.com
1,facebook.com
1,facebook.com
1,facebook.com
3,google.com
3,google.com
3,google.com
3,google.com
3,google.com
2,yahoo.com
2,yahoo.com
2,yahoo.com
2,yahoo.com
2,yahoo.com
1,facebook.com
1,facebook.com
1,facebook.com
1,facebook.com
1,facebook.com
3,google.com
3,google.com
3,google.com
3,google.com
3,google.com
2,yahoo.com
2,yahoo.com
2,yahoo.com
2,yahoo.com
2,yahoo.com
1,facebook.com
1,facebook.com
1,facebook.com
1,facebook.com
1,facebook.com
3,google.com
3,google.com
3,google.com
3,google.com
3,google.com
2,yahoo.com
2,yahoo.com
2,yahoo.com
2,yahoo.com
2,yahoo.com
1,facebook.com
1,facebook.com
1,facebook.com
1,facebook.com
1,facebook.com
3,google.com
3,google.com
3,google.com
3,google.com
3,google.com
2,yahoo.com
2,yahoo.com
2,yahoo.com
2,yahoo.com
2,yahoo.com
1,facebook.com
1,facebook.com
1,facebook.com
1,facebook.com
1,facebook.com
3,google.com
3,google.com
3,google.com
3,google.com
3,google.com
2,yahoo.com
2,yahoo.com
2,yahoo.com
2,yahoo.com
2,yahoo.com
1,facebook.com
1,facebook.com
1,facebook.com
1,facebook.com
1,facebook.com
3,google.com
3,google.com
3,google.com
3,google.com
3,google.com
2,yahoo.com
2,yahoo.com
2,yahoo.com
2,yahoo.com
2,yahoo.com
1,facebook.com
1,facebook.com
1,facebook.com
1,facebook.com
1,facebook.com
3,google.com
3,google.com
3,google.com
3,google.com
3,google.com
2,yahoo.com
2,yahoo.com
2,yahoo.com
2,yahoo.com
2,yahoo.com
1,facebook.com
1,facebook.com
1,facebook.com
1,facebook.com
1,facebook.com
3,google.com
3,google.com
3,google.com
3,google.com
3,google.com
2,yahoo.com
2,yahoo.com
2,yahoo.com
2,yahoo.com
2,yahoo.com
1,facebook.com
1,facebook.com
1,facebook.com
1,facebook.com
1,facebook.com
3,google.com
3,google.com
3,google.com
3,google.com
3,google.com
2,yahoo.com
2,yahoo.com
2,yahoo.com
2,yahoo.com
2,yahoo.com
1,facebook.com
1,facebook.com
1,facebook.com
1,facebook.com
1,facebook.com
3,google.com
3,google.com
3,google.com
3,google.com
3,google.com
2,yahoo.com
2,yahoo.com
2,yahoo.com
2,yahoo.com
2,yahoo.com
1,facebook.com
1,facebook.com
1,facebook.com
1,facebook.com
1,facebook.com
3,google.com
3,google.com
3,google.com
3,google.com
3,google.com
2,yahoo.com
2,yahoo.com
2,yahoo.com
2,yahoo.com
2,yahoo.com
1,facebook.com
1,facebook.com
1,facebook.com
1,facebook.com
1,facebook.com
3,google.com
3,google.com
3,google.com
3,google.com
3,google.com
2,yahoo.com
2,yahoo.com
2,yahoo.com
2,yahoo.com
2,yahoo.com
1,facebook.com
1,facebook.com
1,facebook.com
1,facebook.com
1,facebook.com
3,google.com
3,google.com
3,google.com
3,google.com
3,google.com
2,yahoo.com
2,yahoo.com
2,yahoo.com
2,yahoo.com
2,yahoo.com
1,facebook.com
1,facebook.com
1,facebook.com
1,facebook.com
1,facebook.com
3,google.com
3,google.com
3,google.com
3,google.com
3,google.com
2,yahoo.com
2,yahoo.com
2,yahoo.com
2,yahoo.com
2,yahoo.com
1,facebook.com
1,facebook.com
1,facebook.com
1,facebook.com
1,facebook.com
3,google.com
3,google.com
3,google.com
3,google.com
3,google.com
2,yahoo.com
2,yahoo.com
2,yahoo.com
2,yahoo.com
2,yahoo.com
1,facebook.com
1,facebook.com
1,facebook.com
1,facebook.com
1,facebook.com
3,google.com
3,google.com
3,google.com
3,google.com
3,google.com
2,yahoo.com
2,yahoo.com
2,yahoo.com
2,yahoo.com
2,yahoo.com
1,facebook.com
1,facebook.com
1,facebook.com
1,facebook.com
1,facebook.com
3,google.com
3,google.com
3,google.com
3,google.com
3,google.com
2,yahoo.com
2,yahoo.com
2,yahoo.com
2,yahoo.com
2,yahoo.com
1,facebook.com
1,facebook.com
1,facebook.com
1,facebook.com
1,facebook.com
3,google.com
3,google.com
3,google.com
3,google.com
3,google.com
2,yahoo.com
2,yahoo.com
2,yahoo.com
2,yahoo.com
2,yahoo.com
1,facebook.com
1,facebook.com
1,facebook.com
1,facebook.com
1,facebook.com
3,google.com
3,google.com
3,google.com
3,google.com
3,google.com
2,yahoo.com
2,yahoo.com
2,yahoo.com
2,yahoo.com
2,yahoo.com
1,facebook.com
1,facebook.com
1,facebook.com
1,facebook.com
1,facebook.com
3,google.com
3,google.com
3,google.com
3,google.com
3,google.com
2,yahoo.com
2,yahoo.com
2,yahoo.com
2,yahoo.com
2,yahoo.com
1,facebook.com
1,facebook.com
1,facebook.com
1,facebook.com
1,facebook.com
3,google.com
3,google.com
3,google.com
3,google.com
3,google.com
2,yahoo.com
2,yahoo.com
2,yahoo.com
2,yahoo.com
2,yahoo.com
1,facebook.com
1,facebook.com
1,facebook.com
1,facebook.com
1,facebook.com
3,google.com
3,google.com
3,google.com
3,google.com
3,google.com
2,yahoo.com
2,yahoo.com
2,yahoo.com
2,yahoo.com
2,yahoo.com
1,facebook.com
1,facebook.com
1,facebook.com
1,facebook.com
1,facebook.com
3,google.com
3,google.com
3,google.com
3,google.com
3,google.com
2,yahoo.com
2,yahoo.com
2,yahoo.com
2,yahoo.com
2,yahoo.com
1,facebook.com
1,facebook.com
1,facebook.com
1,facebook.com
1,facebook.com
3,google.com
3,google.com
3,google.com
3,google.com
3,google.com
2,yahoo.com
2,yahoo.com
2,yahoo.com
2,yahoo.com
2,yahoo.com
1,facebook.com
1,facebook.com
1,facebook.com
1,facebook.com
1,facebook.com
3,google.com
3,google.com
3,google.com
3,google.com
3,google.com
2,yahoo.com
2,yahoo.com
2,yahoo.com
2,yahoo.com
2,yahoo.com
1,facebook.com
1,facebook.com
1,facebook.com
1,facebook.com
1,facebook.com
3,google.com
3,google.com
3,google.com
3,google.com
3,google.com
2,yahoo.com
2,yahoo.com
2,yahoo.com
2,yahoo.com
2,yahoo.com
1,facebook.com
1,facebook.com
1,facebook.com
1,facebook.com
1,facebook.com
3,google.com
3,google.com
3,google.com
3,google.com
3,google.com
2,yahoo.com
2,yahoo.com
2,yahoo.com
2,yahoo.com
2,yahoo.com
1,facebook.com
1,facebook.com
1,facebook.com
1,facebook.com
1,facebook.com
3,google.com
3,google.com
3,google.com
3,google.com
3,google.com
2,yahoo.com
2,yahoo.com
2,yahoo.com
2,yahoo.com
2,yahoo.com
1,facebook.com
1,facebook.com
1,facebook.com
1,facebook.com
1,facebook.com
3,google.com
3,google.com
3,google.com
3,google.com
3,google.com
2,yahoo.com
2,yahoo.com
2,yahoo.com
2,yahoo.com
2,yahoo.com
1,facebook.com
1,facebook.com
1,facebook.com
1,facebook.com
1,facebook.com
3,google.com
3,google.com
3,google.com
3,google.com
3,google.com
2,yahoo.com
2,yahoo.com
2,yahoo.com
2,yahoo.com
2,yahoo.com
1,facebook.com
1,facebook.com
1,facebook.com
1,facebook.com
1,facebook.com
3,google.com
3,google.com
3,google.com
3,google.com
3,google.com
2,yahoo.com
2,yahoo.com
2,yahoo.com
2,yahoo.com
2,yahoo.com
1,facebook.com
1,facebook.com
1,facebook.com
1,facebook.com
1,facebook.com
3,google.com
3,google.com
3,google.com
3,google.com
3,google.com
2,yahoo.com
2,yahoo.com
2,yahoo.com
2,yahoo.com
2,yahoo.com
1,facebook.com
1,facebook.com
1,facebook.com
1,facebook.com
1,facebook.com
3,google.com
3,google.com
3,google.com
3,google.com
3,google.com
2,yahoo.com
2,yahoo.com
2,yahoo.com
2,yahoo.com
2,yahoo.com
1,facebook.com
1,facebook.com
1,facebook.com
1,facebook.com
1,facebook.com
3,google.com
3,google.com
3,google.com
3,google.com
3,google.com
2,yahoo.com
2,yahoo.com
2,yahoo.com
2,yahoo.com
2,yahoo.com
1,facebook.com
1,facebook.com
1,facebook.com
1,facebook.com
1,facebook.com
3,google.com
3,google.com
3,google.com
3,google.com
3,google.com
2,yahoo.com
2,yahoo.com
2,yahoo.com
2,yahoo.com
2,yahoo.com
1,facebook.com
1,facebook.com
1,facebook.com
1,facebook.com
1,facebook.com
3,google.com
3,google.com
3,google.com
3,google.com
3,google.com
2,yahoo.com
2,yahoo.com
2,yahoo.com
2,yahoo.com
2,yahoo.com
1,facebook.com
1,facebook.com
1,facebook.com
1,facebook.com
1,facebook.com
3,google.com
3,google.com
3,google.com
3,google.com
3,google.com
2,yahoo.com
2,yahoo.com
2,yahoo.com
2,yahoo.com
2,yahoo.com
1,facebook.com
1,facebook.com
1,facebook.com
1,facebook.com
1,facebook.com
3,google.com
3,google.com
3,google.com
3,google.com
3,google.com
2,yahoo.com
2,yahoo.com
2,yahoo.com
2,yahoo.com
2,yahoo.com
1,facebook.com
1,facebook.com
1,facebook.com
1,facebook.com
1,facebook.com
3,google.com
3,google.com
3,google.com
3,google.com
3,google.com
2,yahoo.com
2,yahoo.com
2,yahoo.com
2,yahoo.com
2,yahoo.com
1,facebook.com
1,facebook.com
1,facebook.com
1,facebook.com
1,facebook.com
3,google.com
3,google.com
3,google.com
3,google.com
3,google.com
2,yahoo.com
2,yahoo.com
2,yahoo.com
2,yahoo.com
2,yahoo.com
1,facebook.com
1,facebook.com
1,facebook.com
1,facebook.com
1,facebook.com
3,google.com
3,google.com
3,google.com
3,google.com
3,google.com
2,yahoo.com
2,yahoo.com
2,yahoo.com
2,yahoo.com
2,yahoo.com
1,facebook.com
1,facebook.com
1,facebook.com
1,facebook.com
1,facebook.com
3,google.com
3,google.com
3,google.com
3,google.com
3,google.com
2,yahoo.com
2,yahoo.com
2,yahoo.com
2,yahoo.com
2,yahoo.com
1,facebook.com
1,facebook.com
1,facebook.com
1,facebook.com
1,facebook.com
3,google.com
3,google.com
3,google.com
3,google.com
3,google.com
2,yahoo.com
2,yahoo.com
2,yahoo.com
2,yahoo.com
2,yahoo.com
1,facebook.com
1,facebook.com
1,facebook.com
1,facebook.com
1,facebook.com
3,google.com
3,google.com
3,google.com
3,google.com
3,google.com
2,yahoo.com
2,yahoo.com
2,yahoo.com
2,yahoo.com
2,yahoo.com
1,facebook.com
1,facebook.com
1,facebook.com
1,facebook.com
1,facebook.com
3,google.com
3,google.com
3,google.com
3,google.com
3,google.com
2,yahoo.com
2,yahoo.com
2,yahoo.com
2,yahoo.com
2,yahoo.com
1,facebook.com
1,facebook.com
1,facebook.com
1,facebook.com
1,facebook.com
3,google.com
3,google.com
3,google.com
3,google.com
3,google.com
2,yahoo.com
2,yahoo.com
2,yahoo.com
2,yahoo.com
2,yahoo.com
1,facebook.com
1,facebook.com
1,facebook.com
1,facebook.com
1,facebook.com
3,google.com
3,google.com
3,google.com
3,google.com
3,google.com
2,yahoo.com
2,yahoo.com
2,yahoo.com
2,yahoo.com
2,yahoo.com
1,facebook.com
1,facebook.com
1,facebook.com
1,facebook.com
1,facebook.com
3,google.com
3,google.com
3,google.com
3,google.com
3,google.com
2,yahoo.com
2,yahoo.com
2,yahoo.com
2,yahoo.com
2,yahoo.com
1,facebook.com
1,facebook.com
1,facebook.com
1,facebook.com
1,facebook.com
3,google.com
3,google.com
3,google.com
3,google.com
3,google.com
2,yahoo.com
2,yahoo.com
2,yahoo.com
2,yahoo.com
2,yahoo.com
1,facebook.com
1,facebook.com
1,facebook.com
1,facebook.com
1,facebook.com
3,google.com
3,google.com
3,google.com
3,google.com
3,google.com
2,yahoo.com
2,yahoo.com
2,yahoo.com
2,yahoo.com
2,yahoo.com
1,facebook.com
1,facebook.com
1,facebook.com
1,facebook.com
1,facebook.com
3,google.com
3,google.com
3,google.com
3,google.com
3,google.com
2,yahoo.com
2,yahoo.com
2,yahoo.com
2,yahoo.com
2,yahoo.com
1,facebook.com
1,facebook.com
1,facebook.com
1,facebook.com
1,facebook.com
3,google.com
3,google.com
3,google.com
3,google.com
3,google.com
2,yahoo.com
2,yahoo.com
2,yahoo.com
2,yahoo.com
2,yahoo.com
1,facebook.com
1,facebook.com
1,facebook.com
1,facebook.com
1,facebook.com
3,google.com
3,google.com
3,google.com
3,google.com
3,google.com
2,yahoo.com
2,yahoo.com
2,yahoo.com
2,yahoo.com
2,yahoo.com
1,facebook.com
1,facebook.com
1,facebook.com
1,facebook.com
1,facebook.com
3,google.com
3,google.com
3,google.com
3,google.com
3,google.com
2,yahoo.com
2,yahoo.com
2,yahoo.com
2,yahoo.com
2,yahoo.com
1,facebook.com
1,facebook.com
1,facebook.com
1,facebook.com
1,facebook.com
3,google.com
3,google.com
3,google.com
3,google.com
3,google.com
2,yahoo.com
2,yahoo.com
2,yahoo.com
2,yahoo.com
2,yahoo.com
1,facebook.com
1,facebook.com
1,facebook.com
1,facebook.com
1,facebook.com
3,google.com
3,google.com
3,google.com
3,google.com
3,google.com
2,yahoo.com
2,yahoo.com
2,yahoo.com
2,yahoo.com
2,yahoo.com
1,facebook.com
1,facebook.com
1,facebook.com
1,facebook.com
1,facebook.com
3,google.com
3,google.com
3,google.com
3,google.com
3,google.com
2,yahoo.com
2,yahoo.com
2,yahoo.com
2,yahoo.com
2,yahoo.com
1,facebook.com
1,facebook.com
1,facebook.com
1,facebook.com
1,facebook.com
3,google.com
3,google.com
3,google.com
3,google.com
3,google.com
2,yahoo.com
2,yahoo.com
2,yahoo.com
2,yahoo.com
2,yahoo.com
1,facebook.com
1,facebook.com
1,facebook.com
1,facebook.com
1,facebook.com
3,google.com
3,google.com
3,google.com
3,google.com
3,google.com
2,yahoo.com
2,yahoo.com
2,yahoo.com
2,yahoo.com
2,yahoo.com
1,facebook.com
1,facebook.com
1,facebook.com
1,facebook.com
1,facebook.com
3,google.com
3,google.com
3,google.com
3,google.com
3,google.com
2,yahoo.com
2,yahoo.com
2,yahoo.com
2,yahoo.com
2,yahoo.com
1,facebook.com
1,facebook.com
1,facebook.com
1,facebook.com
1,facebook.com
3,google.com
3,google.com
3,google.com
3,google.com
3,google.com
2,yahoo.com
2,yahoo.com
2,yahoo.com
2,yahoo.com
2,yahoo.com
1,facebook.com
1,facebook.com
1,facebook.com
1,facebook.com
1,facebook.com
3,google.com
3,google.com
3,google.com
3,google.com
3,google.com
2,yahoo.com
2,yahoo.com
2,yahoo.com
2,yahoo.com
2,yahoo.com
1,facebook.com
1,facebook.com
1,facebook.com
1,facebook.com
1,facebook.com
3,google.com
3,google.com
3,google.com
3,google.com
3,google.com
2,yahoo.com
2,yahoo.com
2,yahoo.com
2,yahoo.com
2,yahoo.com
1,facebook.com
1,facebook.com
1,facebook.com
1,facebook.com
1,facebook.com
3,google.com
3,google.com
3,google.com
3,google.com
3,google.com
2,yahoo.com
2,yahoo.com
2,yahoo.com
2,yahoo.com
2,yahoo.com
1,facebook.com
1,facebook.com
1,facebook.com
1,facebook.com
1,facebook.com
3,google.com
3,google.com
3,google.com
3,google.com
3,google.com
2,yahoo.com
2,yahoo.com
2,yahoo.com
2,yahoo.com
2,yahoo.com
1,facebook.com
1,facebook.com
1,facebook.com
1,facebook.com
1,facebook.com
3,google.com
3,google.com
3,google.com
3,google.com
3,google.com
2,yahoo.com
2,yahoo.com
2,yahoo.com
2,yahoo.com
2,yahoo.com
1,facebook.com
1,facebook.com
1,facebook.com
1,facebook.com
1,facebook.com
3,google.com
3,google.com
3,google.com
3,google.com
3,google.com
2,yahoo.com
2,yahoo.com
2,yahoo.com
2,yahoo.com
2,yahoo.com
1,facebook.com
1,facebook.com
1,facebook.com
1,facebook.com
1,facebook.com
3,google.com
3,google.com
3,google.com
3,google.com
3,google.com
2,yahoo.com
2,yahoo.com
2,yahoo.com
2,yahoo.com
2,yahoo.com
1,facebook.com
1,facebook.com
1,facebook.com
1,facebook.com
1,facebook.com
3,google.com
3,google.com
3,google.com
3,google.com
3,google.com
2,yahoo.com
2,yahoo.com
2,yahoo.com
2,yahoo.com
2,yahoo.com
1,facebook.com
1,facebook.com
1,facebook.com
1,facebook.com
1,facebook.com
3,google.com
3,google.com
3,google.com
3,google.com
3,google.com
2,yahoo.com
2,yahoo.com
2,yahoo.com
2,yahoo.com
2,yahoo.com
1,facebook.com
1,facebook.com
1,facebook.com
1,facebook.com
1,facebook.com
3,google.com
3,google.com
3,google.com
3,google.com
3,google.com
2,yahoo.com
2,yahoo.com
2,yahoo.com
2,yahoo.com
2,yahoo.com
1,facebook.com
1,facebook.com
1,facebook.com
1,facebook.com
1,facebook.com
3,google.com
3,google.com
3,google.com
3,google.com
3,google.com
2,yahoo.com
2,yahoo.com
2,yahoo.com
2,yahoo.com
2,yahoo.com
1,facebook.com
1,facebook.com
1,facebook.com
1,facebook.com
1,facebook.com
3,google.com
3,google.com
3,google.com
3,google.com
3,google.com
2,yahoo.com
2,yahoo.com
2,yahoo.com
2,yahoo.com
2,yahoo.com
1,facebook.com
1,facebook.com
1,facebook.com
1,facebook.com
1,facebook.com
3,google.com
3,google.com
3,google.com
3,google.com
3,google.com
2,yahoo.com
2,yahoo.com
2,yahoo.com
2,yahoo.com
2,yahoo.com
1,facebook.com
1,facebook.com
1,facebook.com
1,facebook.com
1,facebook.com
3,google.com
3,google.com
3,google.com
3,google.com
3,google.com
2,yahoo.com
2,yahoo.com
2,yahoo.com
2,yahoo.com
2,yahoo.com
1,facebook.com
1,facebook.com
1,facebook.com
1,facebook.com
1,facebook.com
3,google.com
3,google.com
3,google.com
3,google.com
3,google.com
2,yahoo.com
2,yahoo.com
2,yahoo.com
2,yahoo.com
2,yahoo.com
1,facebook.com
1,facebook.com
1,facebook.com
1,facebook.com
1,facebook.com
3,google.com
3,google.com
3,google.com
3,google.com
3,google.com
2,yahoo.com
2,yahoo.com
2,yahoo.com
2,yahoo.com
2,yahoo.com
1,facebook.com
1,facebook.com
1,facebook.com
1,facebook.com
1,facebook.com
3,google.com
3,google.com
3,google.com
3,google.com
3,google.com
2,yahoo.com
2,yahoo.com
2,yahoo.com
2,yahoo.com
2,yahoo.com
1,facebook.com
1,facebook.com
1,facebook.com
1,facebook.com
1,facebook.com
3,google.com
3,google.com
3,google.com
3,google.com
3,google.com
2,yahoo.com
2,yahoo.com
2,yahoo.com
2,yahoo.com
2,yahoo.com
1,facebook.com
1,facebook.com
1,facebook.com
1,facebook.com
1,facebook.com
3,google.com
3,google.com
3,google.com
3,google.com
3,google.com
2,yahoo.com
2,yahoo.com
2,yahoo.com
2,yahoo.com
2,yahoo.com
1,facebook.com
1,facebook.com
1,facebook.com
1,facebook.com
1,facebook.com
3,google.com
3,google.com
3,google.com
3,google.com
3,google.com
2,yahoo.com
2,yahoo.com
2,yahoo.com
2,yahoo.com
2,yahoo.com
1,facebook.com
1,facebook.com
1,facebook.com
1,facebook.com
1,facebook.com
3,google.com
3,google.com
3,google.com
3,google.com
3,google.com
2,yahoo.com
2,yahoo.com
2,yahoo.com
2,yahoo.com
2,yahoo.com
1,facebook.com
1,facebook.com
1,facebook.com
1,facebook.com
1,facebook.com
3,google.com
3,google.com
3,google.com
3,google.com
3,google.com
2,yahoo.com
2,yahoo.com
2,yahoo.com
2,yahoo.com
2,yahoo.com
1,facebook.com
1,facebook.com
1,facebook.com
1,facebook.com
1,facebook.com
3,google.com
3,google.com
3,google.com
3,google.com
3,google.com
2,yahoo.com
2,yahoo.com
2,yahoo.com
2,yahoo.com
2,yahoo.com
1,facebook.com
1,facebook.com
1,facebook.com
1,facebook.com
1,facebook.com
3,google.com
3,google.com
3,google.com
3,google.com
3,google.com
2,yahoo.com
2,yahoo.com
2,yahoo.com
2,yahoo.com
2,yahoo.com
1,facebook.com
1,facebook.com
1,facebook.com
1,facebook.com
1,facebook.com
3,google.com
3,google.com
3,google.com
3,google.com
3,google.com
2,yahoo.com
2,yahoo.com
2,yahoo.com
2,yahoo.com
2,yahoo.com
1,facebook.com
1,facebook.com
1,facebook.com
1,facebook.com
1,facebook.com
3,google.com
3,google.com
3,google.com
3,google.com
3,google.com
2,yahoo.com
2,yahoo.com
2,yahoo.com
2,yahoo.com
2,yahoo.com
1,facebook.com
1,facebook.com
1,facebook.com
1,facebook.com
1,facebook.com
3,google.com
3,google.com
3,google.com
3,google.com
3,google.com
2,yahoo.com
2,yahoo.com
2,yahoo.com
2,yahoo.com
2,yahoo.com
1,facebook.com
1,facebook.com
1,facebook.com
1,facebook.com
1,facebook.com
3,google.com
3,google.com
3,google.com
3,google.com
3,google.com
2,yahoo.com
2,yahoo.com
2,yahoo.com
2,yahoo.com
2,yahoo.com
1,facebook.com
1,facebook.com
1,facebook.com
1,facebook.com
1,facebook.com
3,google.com
3,google.com
3,google.com
3,google.com
3,google.com
2,yahoo.com
2,yahoo.com
2,yahoo.com
2,yahoo.com
2,yahoo.com
1,facebook.com
1,facebook.com
1,facebook.com
1,facebook.com
1,facebook.com
3,google.com
3,google.com
3,google.com
3,google.com
3,google.com
2,yahoo.com
2,yahoo.com
2,yahoo.com
2,yahoo.com
2,yahoo.com
1,facebook.com
1,facebook.com
1,facebook.com
1,facebook.com
1,facebook.com
3,google.com
3,google.com
3,google.com
3,google.com
3,google.com
2,yahoo.com
2,yahoo.com
2,yahoo.com
2,yahoo.com
2,yahoo.com
1,facebook.com
1,facebook.com
1,facebook.com
1,facebook.com
1,facebook.com
3,google.com
3,google.com
3,google.com
3,google.com
3,google.com
2,yahoo.com
2,yahoo.com
2,yahoo.com
2,yahoo.com
2,yahoo.com
1,facebook.com
1,facebook.com
1,facebook.com
1,facebook.com
1,facebook.com
3,google.com
3,google.com
3,google.com
3,google.com
3,google.com
2,yahoo.com
2,yahoo.com
2,yahoo.com
2,yahoo.com
2,yahoo.com
1,facebook.com
1,facebook.com
1,facebook.com
1,facebook.com
1,facebook.com
3,google.com
3,google.com
3,google.com
3,google.com
3,google.com
2,yahoo.com
2,yahoo.com
2,yahoo.com
2,yahoo.com
2,yahoo.com
1,facebook.com
1,facebook.com
1,facebook.com
1,facebook.com
1,facebook.com
3,google.com
3,google.com
3,google.com
3,google.com
3,google.com
2,yahoo.com
2,yahoo.com
2,yahoo.com
2,yahoo.com
2,yahoo.com
1,facebook.com
1,facebook.com
1,facebook.com
1,facebook.com
1,facebook.com
3,google.com
3,google.com
3,google.com
3,google.com
3,google.com
2,yahoo.com
2,yahoo.com
2,yahoo.com
2,yahoo.com
2,yahoo.com
1,facebook.com
1,facebook.com
1,facebook.com
1,facebook.com
1,facebook.com
3,google.com
3,google.com
3,google.com
3,google.com
3,google.com
2,yahoo.com
2,yahoo.com
2,yahoo.com
2,yahoo.com
2,yahoo.com
1,facebook.com
1,facebook.com
1,facebook.com
1,facebook.com
1,facebook.com
3,google.com
3,google.com
3,google.com
3,google.com
3,google.com
2,yahoo.com
2,yahoo.com
2,yahoo.com
2,yahoo.com
2,yahoo.com
1,facebook.com
1,facebook.com
1,facebook.com
1,facebook.com
1,facebook.com
3,google.com
3,google.com
3,google.com
3,google.com
3,google.com
2,yahoo.com
2,yahoo.com
2,yahoo.com
2,yahoo.com
2,yahoo.com
1,facebook.com
1,facebook.com
1,facebook.com
1,facebook.com
1,facebook.com
3,google.com
3,google.com
3,google.com
3,google.com
3,google.com
2,yahoo.com
2,yahoo.com
2,yahoo.com
2,yahoo.com
2,yahoo.com
1,facebook.com
1,facebook.com
1,facebook.com
1,facebook.com
1,facebook.com
3,google.com
3,google.com
3,google.com
3,google.com
3,google.com
2,yahoo.com
2,yahoo.com
2,yahoo.com
2,yahoo.com
2,yahoo.com
1,facebook.com
1,facebook.com
1,facebook.com
1,facebook.com
1,facebook.com
3,google.com
3,google.com
3,google.com
3,google.com
3,google.com
2,yahoo.com
2,yahoo.com
2,yahoo.com
2,yahoo.com
2,yahoo.com
1,facebook.com
1,facebook.com
1,facebook.com
1,facebook.com
1,facebook.com
3,google.com
3,google.com
3,google.com
3,google.com
3,google.com
2,yahoo.com
2,yahoo.com
2,yahoo.com
2,yahoo.com
2,yahoo.com
1,facebook.com
1,facebook.com
1,facebook.com
1,facebook.com
1,facebook.com
3,google.com
3,google.com
3,google.com
3,google.com
3,google.com
2,yahoo.com
2,yahoo.com
2,yahoo.com
2,yahoo.com
2,yahoo.com
1,facebook.com
1,facebook.com
1,facebook.com
1,facebook.com
1,facebook.com
3,google.com
3,google.com
3,google.com
3,google.com
3,google.com
2,yahoo.com
2,yahoo.com
2,yahoo.com
2,yahoo.com
2,yahoo.com
1,facebook.com
1,facebook.com
1,facebook.com
1,facebook.com
1,facebook.com
3,google.com
3,google.com
3,google.com
3,google.com
3,google.com
2,yahoo.com
2,yahoo.com
2,yahoo.com
2,yahoo.com
2,yahoo.com
1,facebook.com
1,facebook.com
1,facebook.com
1,facebook.com
1,facebook.com
3,google.com
3,google.com
3,google.com
3,google.com
3,google.com
2,yahoo.com
2,yahoo.com
2,yahoo.com
2,yahoo.com
2,yahoo.com
1,facebook.com
1,facebook.com
1,facebook.com
1,facebook.com
1,facebook.com
3,google.com
3,google.com
3,google.com
3,google.com
3,google.com
2,yahoo.com
2,yahoo.com
2,yahoo.com
2,yahoo.com
2,yahoo.com
1,facebook.com
1,facebook.com
1,facebook.com
1,facebook.com
1,facebook.com
3,google.com
3,google.com
3,google.com
3,google.com
3,google.com
2,yahoo.com
2,yahoo.com
2,yahoo.com
2,yahoo.com
2,yahoo.com
1,facebook.com
1,facebook.com
1,facebook.com
1,facebook.com
1,facebook.com
3,google.com
3,google.com
3,google.com
3,google.com
3,google.com
2,yahoo.com
2,yahoo.com
2,yahoo.com
2,yahoo.com
2,yahoo.com
1,facebook.com
1,facebook.com
1,facebook.com
1,facebook.com
1,facebook.com
3,google.com
3,google.com
3,google.com
3,google.com
3,google.com
2,yahoo.com
2,yahoo.com
2,yahoo.com
2,yahoo.com
2,yahoo.com
1,facebook.com
1,facebook.com
1,facebook.com
1,facebook.com
1,facebook.com
3,google.com
3,google.com
3,google.com
3,google.com
3,google.com
2,yahoo.com
2,yahoo.com
2,yahoo.com
2,yahoo.com
2,yahoo.com
1,facebook.com
1,facebook.com
1,facebook.com
1,facebook.com
1,facebook.com
3,google.com
3,google.com
3,google.com
3,google.com
3,google.com
2,yahoo.com
2,yahoo.com
2,yahoo.com
2,yahoo.com
2,yahoo.com
1,facebook.com
1,facebook.com
1,facebook.com
1,facebook.com
1,facebook.com
3,google.com
3,google.com
3,google.com
3,google.com
3,google.com
2,yahoo.com
2,yahoo.com
2,yahoo.com
2,yahoo.com
2,yahoo.com
1,facebook.com
1,facebook.com
1,facebook.com
1,facebook.com
1,facebook.com
3,google.com
3,google.com
3,google.com
3,google.com
3,google.com
2,yahoo.com
2,yahoo.com
2,yahoo.com
2,yahoo.com
2,yahoo.com
1,facebook.com
1,facebook.com
1,facebook.com
1,facebook.com
1,facebook.com
3,google.com
3,google.com
3,google.com
3,google.com
3,google.com
2,yahoo.com
2,yahoo.com
2,yahoo.com
2,yahoo.com
2,yahoo.com
1,facebook.com
1,facebook.com
1,facebook.com
1,facebook.com
1,facebook.com
3,google.com
3,google.com
3,google.com
3,google.com
3,google.com
2,yahoo.com
2,yahoo.com
2,yahoo.com
2,yahoo.com
2,yahoo.com
1,facebook.com
1,facebook.com
1,facebook.com
1,facebook.com
1,facebook.com
3,google.com
3,google.com
3,google.com
3,google.com
3,google.com
2,yahoo.com
2,yahoo.com
2,yahoo.com
2,yahoo.com
2,yahoo.com
1,facebook.com
1,facebook.com
1,facebook.com
1,facebook.com
1,facebook.com
3,google.com
3,google.com
3,google.com
3,google.com
3,google.com
2,yahoo.com
2,yahoo.com
2,yahoo.com
2,yahoo.com
2,yahoo.com
1,facebook.com
1,facebook.com
1,facebook.com
1,facebook.com
1,facebook.com
3,google.com
3,google.com
3,google.com
3,google.com
3,google.com
2,yahoo.com
2,yahoo.com
2,yahoo.com
2,yahoo.com
2,yahoo.com
1,facebook.com
1,facebook.com
1,facebook.com
1,facebook.com
1,facebook.com
3,google.com
3,google.com
3,google.com
3,google.com
3,google.com
2,yahoo.com
2,yahoo.com
2,yahoo.com
2,yahoo.com
2,yahoo.com
1,facebook.com
1,facebook.com
1,facebook.com
1,facebook.com
1,facebook.com
3,google.com
3,google.com
3,google.com
3,google.com
3,google.com
2,yahoo.com
2,yahoo.com
2,yahoo.com
2,yahoo.com
2,yahoo.com
1,facebook.com
1,facebook.com
1,facebook.com
1,facebook.com
1,facebook.com
3,google.com
3,google.com
3,google.com
3,google.com
3,google.com
2,yahoo.com
2,yahoo.com
2,yahoo.com
2,yahoo.com
2,yahoo.com
1,facebook.com
1,facebook.com
1,facebook.com
1,facebook.com
1,facebook.com
3,google.com
3,google.com
3,google.com
3,google.com
3,google.com
2,yahoo.com
2,yahoo.com
2,yahoo.com
2,yahoo.com
2,yahoo.com
1,facebook.com
1,facebook.com
1,facebook.com
1,facebook.com
1,facebook.com
3,google.com
3,google.com
3,google.com
3,google.com
3,google.com
2,yahoo.com
2,yahoo.com
2,yahoo.com
2,yahoo.com
2,yahoo.com
1,facebook.com
1,facebook.com
1,facebook.com
1,facebook.com
1,facebook.com
3,google.com
3,google.com
3,google.com
3,google.com
3,google.com
2,yahoo.com
2,yahoo.com
2,yahoo.com
2,yahoo.com
2,yahoo.com
1,facebook.com
1,facebook.com
1,facebook.com
1,facebook.com
1,facebook.com
3,google.com
3,google.com
3,google.com
3,google.com
3,google.com
2,yahoo.com
2,yahoo.com
2,yahoo.com
2,yahoo.com
2,yahoo.com
1,facebook.com
1,facebook.com
1,facebook.com
1,facebook.com
1,facebook.com
3,google.com
3,google.com
3,google.com
3,google.com
3,google.com
2,yahoo.com
2,yahoo.com
2,yahoo.com
2,yahoo.com
2,yahoo.com
1,facebook.com
1,facebook.com
1,facebook.com
1,facebook.com
1,facebook.com
3,google.com
3,google.com
3,google.com
3,google.com
3,google.com
2,yahoo.com
2,yahoo.com
2,yahoo.com
2,yahoo.com
2,yahoo.com
1,facebook.com
1,facebook.com
1,facebook.com
1,facebook.com
1,facebook.com
3,google.com
3,google.com
3,google.com
3,google.com
3,google.com
200,yahoo.com
200,yahoo.com
200,yahoo.com
200,yahoo.com
200,yahoo.com
300,google.com
